City,Name,City (listed),Category,Has website/social,Has address,Dupe?,Flags,Verify (Google Maps),Keep / Edit / Remove,Founder notes
Atlanta,Lov'n It Live,East Point,food-dining,yes,yes,,metro-area / no-website / no-address,https://www.google.com/maps/search/?api=1&query=Lov'n%20It%20Live%20East%20Point,Edit,"https://www.lovingitlive.com/; 2796 E Point St, East Point, GA 30344"
Atlanta,APEX Museum,Atlanta,arts-culture,yes,yes,,no-website / no-address,https://www.google.com/maps/search/?api=1&query=APEX%20Museum%20Atlanta,Edit,"135 Auburn Ave NE SE, Atlanta, GA 30303; https://www.apexmuseum.org/"
Atlanta,Cafe Bourbon Street,Atlanta,food-dining,yes,yes,,no-website / no-address,https://www.google.com/maps/search/?api=1&query=Cafe%20Bourbon%20Street%20Atlanta,Edit," ATLANTA - MET ATL

680 Murphy Ave  SW
Atlanta, GA 30310;  MARIETTA - Marietta Square Market

68 N Marietta PKWY
Marietta, Ga 30060; https://cafebourbonst.com/"
Atlanta,Centered Life Therapy,Atlanta,healthcare,NO,NO,,no-website / no-address,https://www.google.com/maps/search/?api=1&query=Centered%20Life%20Therapy%20Atlanta,Remove,
Atlanta,Chapter Ave Productions,Atlanta,creative-media,yes,NO,,no-website / no-address,https://www.google.com/maps/search/?api=1&query=Chapter%20Ave%20Productions%20Atlanta,Edit,https://chapteravenueproductions.com/
Atlanta,Gilly Brew Bar,Stone Mountain,food-dining,yes,yes,,metro-area / no-website,https://www.google.com/maps/search/?api=1&query=Gilly%20Brew%20Bar%20Stone%20Mountain,Edit,"5329 Mimosa Dr, Stone Mountain, GA 30083; https://gillybrewbar.com/"
Atlanta,Gymnetics Fitness East,Atlanta,wellness-health,yes,NO,,no-website / no-address,https://www.google.com/maps/search/?api=1&query=Gymnetics%20Fitness%20East%20Atlanta,Edit,"3220 Butner Rd #260, Atlanta, GA 30331; "
Atlanta,Just 4 Girls Salon,Kennesaw,beauty-grooming,yes,yes,,metro-area / no-address,https://www.google.com/maps/search/?api=1&query=Just%204%20Girls%20Salon%20Kennesaw,Edit,"Inside of Phenix Salon, 50 Ernest W Barrett Pkwy NW Ste Suite 125, Marietta, GA 30066"
Atlanta,Kupcakerie,East Point,food-dining,yes,yes,,metro-area / no-website,https://www.google.com/maps/search/?api=1&query=Kupcakerie%20East%20Point,Edit,https://kupcakerie.com/
Atlanta,Lenox Cupcakes,Decatur,food-dining,NO,yes,,metro-area / no-website,https://www.google.com/maps/search/?api=1&query=Lenox%20Cupcakes%20Decatur,Remove,Permanently Closed
Atlanta,Life Bistro,Atlanta,food-dining,yes,yes,,no-website / no-address,https://www.google.com/maps/search/?api=1&query=Life%20Bistro%20Atlanta,Edit,"2036 Sylvan Rd SW, Atlanta, GA 30310; https://lifebistroatl.com/"
Atlanta,Pink Pothos ATL,Atlanta,retail-gifts,yes,yes,,no-website / no-address,https://www.google.com/maps/search/?api=1&query=Pink%20Pothos%20ATL%20Atlanta,Edit,"352 University Ave SW c10, Atlanta, GA 30310; https://pinkpothosatl.com/"
Atlanta,Sublime Doughnuts,Atlanta,food-dining,yes,yes,,no-website / no-address,https://www.google.com/maps/search/?api=1&query=Sublime%20Doughnuts%20Atlanta,Edit,"535 10th St NW, Atlanta, GA 30318; http://www.sublimedoughnuts.com/"
Atlanta,The Blaxican,Atlanta,food-dining,yes,yes,,no-website / no-address,https://www.google.com/maps/search/?api=1&query=The%20Blaxican%20Atlanta,Edit,"7044 Jimmy Carter Blvd Suite 1, Peachtree Corners, GA 30092; http://www.blaxicanfood.com/"
Atlanta,The Corner Grille,Atlanta,food-dining,NO,yes,,metro-area / no-website,https://www.google.com/maps/search/?api=1&query=The%20Corner%20Grille%20College%20Park,Edit,"2341 Marietta Blvd, Atlanta, Georgia 30318"
Atlanta,The Real Milk & Honey,College Park,food-dining,yes,yes,,metro-area / no-website,https://www.google.com/maps/search/?api=1&query=The%20Real%20Milk%20%26%20Honey%20College%20Park,Edit,https://therealmilkandhoneycafe.com/?utm_source=google
Atlanta,The Wellness Spot ATL,East Point,wellness-health,yes,yes,,metro-area / no-address,https://www.google.com/maps/search/?api=1&query=The%20Wellness%20Spot%20ATL%20East%20Point,Edit,"3397 Main St, College Park, GA 30337"
Atlanta,Wadada Healthy Market & Juice Bar,Atlanta,food-dining,yes,yes,,no-website / no-address,https://www.google.com/maps/search/?api=1&query=Wadada%20Healthy%20Market%20%26%20Juice%20Bar%20Atlanta,Edit,"878 Ralph David Abernathy Blvd SW, Atlanta, GA 30310; https://www.wadadaatl.com/"
Atlanta,"100 Black Men of Atlanta, Inc.",Atlanta,nonprofits-community-orgs,yes,yes,,no-address,https://www.google.com/maps/search/?api=1&query=100%20Black%20Men%20of%20Atlanta%2C%20Inc.%20Atlanta,Edit,"101 Jackson St NE, Atlanta, GA 30312"
Atlanta,A Pot To Plant In,Atlanta,retail-gifts,yes,yes,,no-address,https://www.google.com/maps/search/?api=1&query=A%20Pot%20To%20Plant%20In%20Atlanta,Edit,"4500 W Village Pl #2001, Smyrna, GA 30080"
Atlanta,African Diaspora Art Museum of Atlanta,Atlanta,arts-culture,yes,NO,,no-address,https://www.google.com/maps/search/?api=1&query=African%20Diaspora%20Art%20Museum%20of%20Atlanta%20Atlanta,Edit,"352 University Ave SW, Atlanta, GA 30310"
Atlanta,Anwuli Eyewear,Atlanta,fashion-apparel,yes,NO,,no-address,https://www.google.com/maps/search/?api=1&query=Anwuli%20Eyewear%20Atlanta,Edit,online store
Atlanta,Apt 4B,Atlanta,food-dining,NO,yes,,no-website,https://www.google.com/maps/search/?api=1&query=Apt%204B%20Atlanta,Edit,http://apt4batl.com/
Atlanta,Atlanta Influences Everything,Atlanta,fashion-apparel,yes,yes,,no-address,https://www.google.com/maps/search/?api=1&query=Atlanta%20Influences%20Everything%20Atlanta,Edit,"AIE HUB
410 Chamberlain Street, Atlanta, GA 30312; Hartsfield-Jackson International Airport
Terminal B – Near Gate B10"
Atlanta,Bankhead Seafood,Atlanta,food-dining,yes,yes,,no-website,https://www.google.com/maps/search/?api=1&query=Bankhead%20Seafood%20Atlanta,Edit,"1651 Donald Lee Hollowell Pkwy NW, Atlanta, GA 30318"
Atlanta,BARE SKINtentions,Atlanta,beauty-grooming,yes,NO,,no-address,https://www.google.com/maps/search/?api=1&query=BARE%20SKINtentions%20Atlanta,Edit,"
Temporarily closed"
Atlanta,Black Art In America Gallery & Gardens,East Point,arts-culture,yes,yes,,metro-area,https://www.google.com/maps/search/?api=1&query=Black%20Art%20In%20America%20Gallery%20%26%20Gardens%20East%20Point,Edit,
Atlanta,Black Visionary Studio,Atlanta,photography-videography,yes,NO,,no-address,https://www.google.com/maps/search/?api=1&query=Black%20Visionary%20Studio%20Atlanta,Keep,"portrait photography and videography company based out of Atlanta, Ga. No physical address"
Atlanta,BLK FRVR,Atlanta,fashion-apparel,yes,NO,,no-address,https://www.google.com/maps/search/?api=1&query=BLK%20FRVR%20Atlanta,Keep,atlanta based online streetwear brand
Atlanta,Bomb Biscuit Co.,Atlanta,food-dining,yes,yes,,no-address,https://www.google.com/maps/search/?api=1&query=Bomb%20Biscuit%20Co.%20Atlanta,Edit,http://www.bombbiscuitatl.com/
Atlanta,Brave + Kind Bookshop,Decatur,books-publishing,yes,yes,,metro-area,https://www.google.com/maps/search/?api=1&query=Brave%20%2B%20Kind%20Bookshop%20Decatur,Keep,
Atlanta,Celestial Spa,Atlanta,wellness-health,yes,yes,,no-address,https://www.google.com/maps/search/?api=1&query=Celestial%20Spa%20Atlanta,Edit,"2930 Cascade Rd, Atlanta, GA 30311"
Atlanta,Chef Rob's Caribbean Cafe,Atlanta,food-dining,yes,yes,,no-website,https://www.google.com/maps/search/?api=1&query=Chef%20Rob's%20Caribbean%20Cafe%20Atlanta,Edit,http://www.chefrobscafe.com/
Atlanta,Chroma Creators,Atlanta,creative-media,yes,NO,,no-address,https://www.google.com/maps/search/?api=1&query=Chroma%20Creators%20Atlanta,Edit,"2275 Marietta Blvd. NW Suite 270-431

Atlanta, GA 30318; https://chromacreators.agency/; online based business"
Atlanta,Coffee Was Black,Atlanta,food-dining,yes,yes,,no-website,https://www.google.com/maps/search/?api=1&query=Coffee%20Was%20Black%20Atlanta,Edit,https://www.coffeewasblack.com/
Atlanta,Conley Realty Group,Decatur,real-estate,yes,yes,,metro-area,https://www.google.com/maps/search/?api=1&query=Conley%20Realty%20Group%20Decatur,Keep,
Atlanta,Creative Juice,Atlanta,creative-media,yes,yes,,no-address,https://www.google.com/maps/search/?api=1&query=Creative%20Juice%20Atlanta,Edit,"2275 Marietta Blvd NW Ste 270-431, Atlanta, GA 30318"
Atlanta,CreativeSoul Photography,Atlanta,photography-videography,yes,NO,,no-address,https://www.google.com/maps/search/?api=1&query=CreativeSoul%20Photography%20Atlanta,Edit,"976 Jefferson St NW Ste H, Atlanta, GA 30318"
Atlanta,Cutz By Black,Atlanta,beauty-grooming,yes,yes,,no-website,https://www.google.com/maps/search/?api=1&query=Cutz%20By%20Black%20Atlanta,Keep,"North Avenue NE, Atlanta, GA 30308"
Atlanta,D'juan's Bistro,Atlanta,food-dining,yes,yes,,no-website,https://www.google.com/maps/search/?api=1&query=D'juan's%20Bistro%20Atlanta,Edit,https://djuans.com/menu/
Atlanta,Dawn's of Essence Salon,Atlanta,beauty-grooming,yes,yes,,no-address,https://www.google.com/maps/search/?api=1&query=Dawn's%20of%20Essence%20Salon%20Atlanta,Edit,"798 Lawrenceville-Suwanee Rd Ste :500, Lawrenceville, GA 30043"
Atlanta,Design OCD,Atlanta,home-living,yes,NO,,no-address,https://www.google.com/maps/search/?api=1&query=Design%20OCD%20Atlanta,Keep,online based business
Atlanta,Fender Bender's Autobody & Collision Repair,Jonesboro,automotive,yes,yes,,metro-area,https://www.google.com/maps/search/?api=1&query=Fender%20Bender's%20Autobody%20%26%20Collision%20Repair%20Jonesboro,Keep,
Atlanta,Future Gallery,Atlanta,arts-culture,yes,yes,,no-website,https://www.google.com/maps/search/?api=1&query=Future%20Gallery%20Atlanta,Edit,http://www.futuregalleryatl.com/
Atlanta,Goodr,Atlanta,technology,yes,yes,,no-address,https://www.google.com/maps/search/?api=1&query=Goodr%20Atlanta,Edit,"1000 Marietta St NW suite 224, Atlanta, GA 30318"
Atlanta,Grace In Design Services,Atlanta,home-living,yes,NO,,no-address,https://www.google.com/maps/search/?api=1&query=Grace%20In%20Design%20Services%20Atlanta,Remove,
Atlanta,Hammonds House Museum,Atlanta,arts-culture,yes,NO,,no-address,https://www.google.com/maps/search/?api=1&query=Hammonds%20House%20Museum%20Atlanta,Edit,"503 Peeples St SW, Atlanta, GA 30310"
Atlanta,Honor Roll Clothing,Atlanta,fashion-apparel,yes,NO,,no-address,https://www.google.com/maps/search/?api=1&query=Honor%20Roll%20Clothing%20Atlanta,Keep,online lifestyle clothing brand
Atlanta,InterSearchMedia,Atlanta,social-media-marketing,yes,yes,,no-address,https://www.google.com/maps/search/?api=1&query=InterSearchMedia%20Atlanta,Edit,"2330 Scenic Hwy S, Snellville, GA 30078"
Atlanta,Jimerson Tax and Accounting,Atlanta,legal-financial,yes,NO,,no-address,https://www.google.com/maps/search/?api=1&query=Jimerson%20Tax%20and%20Accounting%20Atlanta,Keep,"operating online, no physical address"
Atlanta,Johnson STEM Activity Center,Atlanta,education-tutoring,yes,yes,,no-address,https://www.google.com/maps/search/?api=1&query=Johnson%20STEM%20Activity%20Center%20Atlanta,Edit,"275 Decatur St. SE, Atlanta, GA 30312"
Atlanta,Just Add Honey Tea Company,Atlanta,food-dining,yes,yes,,no-website,https://www.google.com/maps/search/?api=1&query=Just%20Add%20Honey%20Tea%20Company%20Atlanta,Edit,http://justaddhoney.net/
Atlanta,K & K Soul Food,Atlanta,food-dining,yes,yes,,no-website,https://www.google.com/maps/search/?api=1&query=K%20%26%20K%20Soul%20Food%20Atlanta,Edit,http://www.kksoulfood.com/
Atlanta,Local Green Atlanta,Atlanta,food-dining,NO,yes,,no-website,https://www.google.com/maps/search/?api=1&query=Local%20Green%20Atlanta%20Atlanta,Keep,https://www.localgreenatlanta.com/
Atlanta,Mahone Studios,Atlanta,photography-videography,yes,NO,,no-address,https://www.google.com/maps/search/?api=1&query=Mahone%20Studios%20Atlanta,Edit,"141 Mangum St SW, Atlanta, GA 30313"
Atlanta,Medu Bookstore,Atlanta,books-publishing,NO,yes,,no-website,https://www.google.com/maps/search/?api=1&query=Medu%20Bookstore%20Atlanta,Remove,Permanently closed
Atlanta,Merritt & Merritt Law Firm,Decatur,legal-financial,yes,yes,,metro-area,https://www.google.com/maps/search/?api=1&query=Merritt%20%26%20Merritt%20Law%20Firm%20Decatur,Keep,
Atlanta,Miss Conduck,Atlanta,food-dining,yes,NO,,no-address,https://www.google.com/maps/search/?api=1&query=Miss%20Conduck%20Atlanta,Edit,"357 Edgewood Ave SE, Atlanta, GA 30312"
Atlanta,Myavana,Atlanta,technology,yes,NO,,no-address,https://www.google.com/maps/search/?api=1&query=Myavana%20Atlanta,Keep,online based business
Atlanta,Nourish Botanica,Atlanta,retail-gifts,yes,NO,,no-address,https://www.google.com/maps/search/?api=1&query=Nourish%20Botanica%20Atlanta,Edit,Temporarily closed
Atlanta,Paradise Park ATL,Atlanta,wellness-health,yes,NO,,no-address,https://www.google.com/maps/search/?api=1&query=Paradise%20Park%20ATL%20Atlanta,Keep,private nature retreat
Atlanta,Paschal's,Atlanta,food-dining,yes,yes,,no-address,https://www.google.com/maps/search/?api=1&query=Paschal's%20Atlanta,Edit,"180 Northside Dr SW, Atlanta, GA 30313"
Atlanta,Plant Based Pizzeria,Atlanta,food-dining,yes,yes,,no-website,https://www.google.com/maps/search/?api=1&query=Plant%20Based%20Pizzeria%20Atlanta,Edit,https://plantbasedpizzeria.net/
Atlanta,RefreshCoAtl,Atlanta,home-living,yes,yes,,no-address,https://www.google.com/maps/search/?api=1&query=RefreshCoAtl%20Atlanta,Edit,"1020 Piedmont Ave NE, Atlanta, GA 30309"
Atlanta,Roc South Cuisine,Atlanta,food-dining,yes,yes,,no-website,https://www.google.com/maps/search/?api=1&query=Roc%20South%20Cuisine%20Atlanta,Edit,http://rocsouth.com/
Atlanta,Rock Steady Atlanta,Atlanta,food-dining,yes,yes,,no-address,https://www.google.com/maps/search/?api=1&query=Rock%20Steady%20Atlanta%20Atlanta,Edit,"907 Marietta St NW, Atlanta, GA 30318"
Atlanta,SKYHH Salon,Atlanta,beauty-grooming,yes,yes,,no-address,https://www.google.com/maps/search/?api=1&query=SKYHH%20Salon%20Atlanta,Edit,"444 Highland Ave NE, Atlanta, GA 30312"
Atlanta,Soul Vegetarian,Atlanta,food-dining,NO,yes,,no-website,https://www.google.com/maps/search/?api=1&query=Soul%20Vegetarian%20Atlanta,Keep,"652 N Highland Ave NE, Atlanta, GA 30306"
Atlanta,SR Law Group,Atlanta,legal-financial,yes,yes,,no-address,https://www.google.com/maps/search/?api=1&query=SR%20Law%20Group%20Atlanta,Edit,"8424 Adair St, Douglasville, GA 30134"
Atlanta,Textur'd Silk Bar,Atlanta,beauty-grooming,yes,NO,,no-address,https://www.google.com/maps/search/?api=1&query=Textur'd%20Silk%20Bar%20Atlanta,Keep,Looks like this stylist travels to several locations in the ATL area. online based
Atlanta,The Black Firm LLC,Lawrenceville,legal-financial,yes,yes,,metro-area,https://www.google.com/maps/search/?api=1&query=The%20Black%20Firm%20LLC%20Lawrenceville,Keep,"3675 Crestwood Pkwy NW #400, Duluth, GA 30096"
Atlanta,The Construction Kings,Atlanta,construction-trades,yes,NO,,no-address,https://www.google.com/maps/search/?api=1&query=The%20Construction%20Kings%20Atlanta,Keep,"Atlanta, GA, United States, 30055; no specific address"
Atlanta,The Embry Law Firm,Atlanta,legal-financial,yes,yes,,no-address,https://www.google.com/maps/search/?api=1&query=The%20Embry%20Law%20Firm%20Atlanta,Edit,"1800 Peachtree Rd Unit 370, Atlanta, GA 30309"
Atlanta,The James Room,Atlanta,food-dining,yes,yes,,no-website,https://www.google.com/maps/search/?api=1&query=The%20James%20Room%20Atlanta,Edit,https://www.thejamesroom.com/
Atlanta,The Winston CPA Group,Atlanta,legal-financial,yes,yes,,no-address,https://www.google.com/maps/search/?api=1&query=The%20Winston%20CPA%20Group%20Atlanta,Edit,"504 Fair St SW, Atlanta, GA 30313"
Atlanta,Think and Ink Grant Consulting,Atlanta,professional-services,yes,NO,,no-address,https://www.google.com/maps/search/?api=1&query=Think%20and%20Ink%20Grant%20Consulting%20Atlanta,Edit,"309 East Paces Ferry Rd NE Ste 400, Atlanta, GA 30305"
Atlanta,TKST Law,Atlanta,legal-financial,yes,yes,,metro-area,https://www.google.com/maps/search/?api=1&query=TKST%20Law%20College%20Park,Edit,"3355 E Main St, Atlanta, GA 30337"
Atlanta,Tony's Barber Studio,Atlanta,beauty-grooming,yes,yes,,no-address,https://www.google.com/maps/search/?api=1&query=Tony's%20Barber%20Studio%20Atlanta,Edit,"264 19th St NW #2210, Atlanta, GA 30363"
Atlanta,True Peace Counseling & Wellness,Atlanta,healthcare,yes,NO,,no-address,https://www.google.com/maps/search/?api=1&query=True%20Peace%20Counseling%20%26%20Wellness%20Atlanta,Keep,no physical address. Looks like its done through bookings
Atlanta,Vertical Activewear,Atlanta,fashion-apparel,yes,NO,,no-address,https://www.google.com/maps/search/?api=1&query=Vertical%20Activewear%20Atlanta,Keep,online based business
Atlanta,Zyrobotics,Atlanta,technology,yes,NO,,no-address,https://www.google.com/maps/search/?api=1&query=Zyrobotics%20Atlanta,Keep,
Atlanta,44th & 3rd Bookseller,Atlanta,books-publishing,yes,yes,,,https://www.google.com/maps/search/?api=1&query=44th%20%26%203rd%20Bookseller%20Atlanta,Keep,
Atlanta,Aligned 4 Life Wellness,Atlanta,healthcare,yes,yes,,,https://www.google.com/maps/search/?api=1&query=Aligned%204%20Life%20Wellness%20Atlanta,Keep,
Atlanta,Atlanta Breakfast Club,Atlanta,food-dining,yes,yes,,,https://www.google.com/maps/search/?api=1&query=Atlanta%20Breakfast%20Club%20Atlanta,Keep,
Atlanta,Atlanta Chiropractic and Rehab,Atlanta,healthcare,yes,yes,,,https://www.google.com/maps/search/?api=1&query=Atlanta%20Chiropractic%20and%20Rehab%20Atlanta,Keep,
Atlanta,Big Dave's Cheesesteaks,Atlanta,food-dining,yes,yes,,,https://www.google.com/maps/search/?api=1&query=Big%20Dave's%20Cheesesteaks%20Atlanta,Keep,
Atlanta,Black Coffee ATL,Atlanta,food-dining,yes,yes,,,https://www.google.com/maps/search/?api=1&query=Black%20Coffee%20ATL%20Atlanta,Keep,
Atlanta,BRANDPRENUER,Atlanta,professional-services,yes,yes,,,https://www.google.com/maps/search/?api=1&query=BRANDPRENUER%20Atlanta,Keep,
Atlanta,Busy Bee Cafe,Atlanta,food-dining,yes,yes,,,https://www.google.com/maps/search/?api=1&query=Busy%20Bee%20Cafe%20Atlanta,Keep,
Atlanta,Change-Of-Pace Chiropractic+,Atlanta,healthcare,yes,yes,,,https://www.google.com/maps/search/?api=1&query=Change-Of-Pace%20Chiropractic%2B%20Atlanta,Keep,
Atlanta,Che Butter Jonez,Atlanta,food-dining,yes,yes,,,https://www.google.com/maps/search/?api=1&query=Che%20Butter%20Jonez%20Atlanta,Keep,
Atlanta,ChiroJunky,Atlanta,healthcare,yes,yes,,,https://www.google.com/maps/search/?api=1&query=ChiroJunky%20Atlanta,Keep,
Atlanta,Crates ATL,Atlanta,retail-gifts,yes,yes,,,https://www.google.com/maps/search/?api=1&query=Crates%20ATL%20Atlanta,Keep,
Atlanta,D'Lor Salon & Spa,Atlanta,beauty-grooming,yes,yes,,,https://www.google.com/maps/search/?api=1&query=D'Lor%20Salon%20%26%20Spa%20Atlanta,Keep,
Atlanta,Desta Ethiopian Kitchen,Atlanta,food-dining,yes,yes,,,https://www.google.com/maps/search/?api=1&query=Desta%20Ethiopian%20Kitchen%20Atlanta,Keep,
Atlanta,E.F.F.E.C.T. Fitness,Atlanta,wellness-health,yes,yes,,,https://www.google.com/maps/search/?api=1&query=E.F.F.E.C.T.%20Fitness%20Atlanta,Keep,
Atlanta,Events by Mesita,Atlanta,events-entertainment,yes,yes,,,https://www.google.com/maps/search/?api=1&query=Events%20by%20Mesita%20Atlanta,Keep,
Atlanta,Felton & Peel Wealth Management,Atlanta,legal-financial,yes,yes,,,https://www.google.com/maps/search/?api=1&query=Felton%20%26%20Peel%20Wealth%20Management%20Atlanta,Keep,
Atlanta,For Keeps Books,Atlanta,books-publishing,yes,yes,,,https://www.google.com/maps/search/?api=1&query=For%20Keeps%20Books%20Atlanta,Keep,
Atlanta,FourStage Branding,Atlanta,professional-services,yes,yes,,,https://www.google.com/maps/search/?api=1&query=FourStage%20Branding%20Atlanta,Keep,
Atlanta,Gocha's Breakfast Bar,Atlanta,food-dining,yes,yes,,,https://www.google.com/maps/search/?api=1&query=Gocha's%20Breakfast%20Bar%20Atlanta,Keep,
Atlanta,God is Dope,Atlanta,fashion-apparel,yes,yes,,,https://www.google.com/maps/search/?api=1&query=God%20is%20Dope%20Atlanta,Keep,
Atlanta,Gymnetics Fitness,Atlanta,wellness-health,yes,yes,,,https://www.google.com/maps/search/?api=1&query=Gymnetics%20Fitness%20Atlanta,Keep,
Atlanta,H.J. Russell & Company,Atlanta,construction-trades,yes,yes,,,https://www.google.com/maps/search/?api=1&query=H.J.%20Russell%20%26%20Company%20Atlanta,Keep,
Atlanta,Happy Mango Baby Boutique,Atlanta,retail-gifts,yes,yes,,,https://www.google.com/maps/search/?api=1&query=Happy%20Mango%20Baby%20Boutique%20Atlanta,Keep,
Atlanta,Hippin' Hops Brewery,Atlanta,food-dining,yes,yes,,,https://www.google.com/maps/search/?api=1&query=Hippin'%20Hops%20Brewery%20Atlanta,Keep,
Atlanta,Humphrey & Ballard Law,Atlanta,legal-financial,yes,yes,,,https://www.google.com/maps/search/?api=1&query=Humphrey%20%26%20Ballard%20Law%20Atlanta,Keep,
Atlanta,I Am/I Can Strength and Conditioning Gym,Atlanta,wellness-health,yes,yes,,,https://www.google.com/maps/search/?api=1&query=I%20Am%2FI%20Can%20Strength%20and%20Conditioning%20Gym%20Atlanta,Keep,
Atlanta,Images USA,Atlanta,social-media-marketing,yes,yes,,,https://www.google.com/maps/search/?api=1&query=Images%20USA%20Atlanta,Keep,
Atlanta,iwi fresh Garden Day Spa,Atlanta,beauty-grooming,yes,yes,,,https://www.google.com/maps/search/?api=1&query=iwi%20fresh%20Garden%20Day%20Spa%20Atlanta,Remove,Permanently closed
Atlanta,JB's Record Lounge,Atlanta,arts-culture,yes,yes,,,https://www.google.com/maps/search/?api=1&query=JB's%20Record%20Lounge%20Atlanta,Keep,
Atlanta,Just Cutz Barber Shop,Atlanta,beauty-grooming,yes,yes,,,https://www.google.com/maps/search/?api=1&query=Just%20Cutz%20Barber%20Shop%20Atlanta,Keep,
Atlanta,Liquid Soul,Atlanta,social-media-marketing,yes,yes,,,https://www.google.com/maps/search/?api=1&query=Liquid%20Soul%20Atlanta,Keep,
Atlanta,Midtown Dental Center,Atlanta,healthcare,yes,yes,,,https://www.google.com/maps/search/?api=1&query=Midtown%20Dental%20Center%20Atlanta,Keep,
Atlanta,Mogul Grooming Co.,Atlanta,beauty-grooming,yes,yes,,,https://www.google.com/maps/search/?api=1&query=Mogul%20Grooming%20Co.%20Atlanta,Keep,
Atlanta,Nail Favor Salon & Spa,Atlanta,beauty-grooming,yes,yes,,,https://www.google.com/maps/search/?api=1&query=Nail%20Favor%20Salon%20%26%20Spa%20Atlanta,Keep,
Atlanta,Negril ATL,Atlanta,food-dining,yes,yes,,,https://www.google.com/maps/search/?api=1&query=Negril%20ATL%20Atlanta,Keep,
Atlanta,Nourish + Bloom Market,Atlanta,food-dining,yes,yes,,,https://www.google.com/maps/search/?api=1&query=Nourish%20%2B%20Bloom%20Market%20Atlanta,Keep,
Atlanta,Nubiance Salon & Spa,Atlanta,beauty-grooming,yes,yes,,,https://www.google.com/maps/search/?api=1&query=Nubiance%20Salon%20%26%20Spa%20Atlanta,Keep,
Atlanta,Omni Coffee & Eggs,Atlanta,food-dining,yes,yes,,,https://www.google.com/maps/search/?api=1&query=Omni%20Coffee%20%26%20Eggs%20Atlanta,Edit,Temporarily closed
Atlanta,Ooh Spa LaLah,Atlanta,beauty-grooming,yes,yes,,,https://www.google.com/maps/search/?api=1&query=Ooh%20Spa%20LaLah%20Atlanta,Keep,
Atlanta,Pink Sky Boutique,Atlanta,fashion-apparel,yes,yes,,,https://www.google.com/maps/search/?api=1&query=Pink%20Sky%20Boutique%20Atlanta,Keep,
Atlanta,Portrait Coffee,Atlanta,food-dining,yes,yes,,,https://www.google.com/maps/search/?api=1&query=Portrait%20Coffee%20Atlanta,Keep,
Atlanta,PRecise Communications,Atlanta,professional-services,yes,yes,,,https://www.google.com/maps/search/?api=1&query=PRecise%20Communications%20Atlanta,Keep,
Atlanta,Pressed ATL,Atlanta,fashion-apparel,yes,yes,,,https://www.google.com/maps/search/?api=1&query=Pressed%20ATL%20Atlanta,Keep,
Atlanta,Prestige Accounting & Consulting,Atlanta,legal-financial,yes,yes,,,https://www.google.com/maps/search/?api=1&query=Prestige%20Accounting%20%26%20Consulting%20Atlanta,Keep,
Atlanta,Project: Body ATL,Atlanta,wellness-health,yes,yes,,,https://www.google.com/maps/search/?api=1&query=Project%3A%20Body%20ATL%20Atlanta,Keep,
Atlanta,Qtalent Solutions,Atlanta,professional-services,yes,yes,,,https://www.google.com/maps/search/?api=1&query=Qtalent%20Solutions%20Atlanta,Keep,
Atlanta,Respiré Massage & Spa,Atlanta,wellness-health,yes,yes,,,https://www.google.com/maps/search/?api=1&query=Respir%C3%A9%20Massage%20%26%20Spa%20Atlanta,Keep,
Atlanta,Sati Yoga & Wellness,Atlanta,wellness-health,yes,yes,,,https://www.google.com/maps/search/?api=1&query=Sati%20Yoga%20%26%20Wellness%20Atlanta,Keep,
Atlanta,Seed Atlanta,Atlanta,retail-gifts,yes,yes,,,https://www.google.com/maps/search/?api=1&query=Seed%20Atlanta%20Atlanta,Keep,
Atlanta,Seviin Yoga,Atlanta,wellness-health,yes,yes,,,https://www.google.com/maps/search/?api=1&query=Seviin%20Yoga%20Atlanta,Keep,
Atlanta,Shea Locs Natural Hair Studio,Atlanta,beauty-grooming,yes,yes,,,https://www.google.com/maps/search/?api=1&query=Shea%20Locs%20Natural%20Hair%20Studio%20Atlanta,Keep,
Atlanta,Shorthair Xpress,Atlanta,beauty-grooming,yes,yes,,,https://www.google.com/maps/search/?api=1&query=Shorthair%20Xpress%20Atlanta,Keep,
Atlanta,Slutty Vegan ATL,Atlanta,food-dining,yes,yes,,,https://www.google.com/maps/search/?api=1&query=Slutty%20Vegan%20ATL%20Atlanta,Keep,
Atlanta,Souk Bohemian,Atlanta,fashion-apparel,yes,yes,,,https://www.google.com/maps/search/?api=1&query=Souk%20Bohemian%20Atlanta,Keep,
Atlanta,Stretch ATL,Atlanta,wellness-health,yes,yes,,,https://www.google.com/maps/search/?api=1&query=Stretch%20ATL%20Atlanta,Keep,
Atlanta,Sweet Auburn Bread Company,Atlanta,food-dining,yes,yes,,,https://www.google.com/maps/search/?api=1&query=Sweet%20Auburn%20Bread%20Company%20Atlanta,Keep,
Atlanta,T. Dallas Smith & Company,Atlanta,real-estate,yes,yes,,,https://www.google.com/maps/search/?api=1&query=T.%20Dallas%20Smith%20%26%20Company%20Atlanta,Keep,
Atlanta,TAGS Boutique,Atlanta,fashion-apparel,yes,yes,,,https://www.google.com/maps/search/?api=1&query=TAGS%20Boutique%20Atlanta,Remove,Permanently closed
Atlanta,Tassili's Raw Reality Cafe,Atlanta,food-dining,yes,yes,,,https://www.google.com/maps/search/?api=1&query=Tassili's%20Raw%20Reality%20Cafe%20Atlanta,Keep,
Atlanta,The Beehive ATL,Atlanta,retail-gifts,yes,yes,,,https://www.google.com/maps/search/?api=1&query=The%20Beehive%20ATL%20Atlanta,Edit,Temporarily closed
Atlanta,The Kindred Healing Center,Atlanta,wellness-health,yes,yes,,,https://www.google.com/maps/search/?api=1&query=The%20Kindred%20Healing%20Center%20Atlanta,Keep,
Atlanta,The Kool Source,Atlanta,social-media-marketing,yes,yes,,,https://www.google.com/maps/search/?api=1&query=The%20Kool%20Source%20Atlanta,Keep,
Atlanta,The Loft Athletic Club,Atlanta,wellness-health,yes,yes,,,https://www.google.com/maps/search/?api=1&query=The%20Loft%20Athletic%20Club%20Atlanta,Keep,
Atlanta,The Maltbia Agency,Atlanta,legal-financial,yes,yes,,,https://www.google.com/maps/search/?api=1&query=The%20Maltbia%20Agency%20Atlanta,Keep,
Atlanta,The Taste Boutique,Atlanta,fashion-apparel,yes,yes,,,https://www.google.com/maps/search/?api=1&query=The%20Taste%20Boutique%20Atlanta,Keep,
Atlanta,The Village Retail Market,Atlanta,fashion-apparel,yes,yes,,,https://www.google.com/maps/search/?api=1&query=The%20Village%20Retail%20Market%20Atlanta,Keep,
Atlanta,Twisted Soul Cookhouse & Pours,Atlanta,food-dining,yes,yes,,,https://www.google.com/maps/search/?api=1&query=Twisted%20Soul%20Cookhouse%20%26%20Pours%20Atlanta,Keep,
Atlanta,Urban Grind Atlanta,Atlanta,food-dining,yes,yes,,,https://www.google.com/maps/search/?api=1&query=Urban%20Grind%20Atlanta%20Atlanta,Keep,
Atlanta,Versus ATL,Atlanta,fashion-apparel,yes,yes,,,https://www.google.com/maps/search/?api=1&query=Versus%20ATL%20Atlanta,Keep,
Atlanta,Vibe Ride Grant Park,Atlanta,wellness-health,yes,yes,,,https://www.google.com/maps/search/?api=1&query=Vibe%20Ride%20Grant%20Park%20Atlanta,Keep,
Atlanta,Virgil's Gullah Kitchen & Bar,Atlanta,food-dining,yes,yes,,,https://www.google.com/maps/search/?api=1&query=Virgil's%20Gullah%20Kitchen%20%26%20Bar%20Atlanta,Keep,
Atlanta,WEBMyers Construction,Atlanta,construction-trades,yes,yes,,,https://www.google.com/maps/search/?api=1&query=WEBMyers%20Construction%20Atlanta,Keep,
Atlanta,XEC Solutions,Atlanta,professional-services,yes,yes,,,https://www.google.com/maps/search/?api=1&query=XEC%20Solutions%20Atlanta,Keep,
Atlanta,ZuCot Gallery,Atlanta,arts-culture,yes,yes,,,https://www.google.com/maps/search/?api=1&query=ZuCot%20Gallery%20Atlanta,Keep,
Houston,A Vibe Called Hair,Houston,beauty-grooming,yes,yes,,no-website / no-address,https://www.google.com/maps/search/?api=1&query=A%20Vibe%20Called%20Hair%20Houston,Edit,"5202 Cedar St, Bellaire, TX 77401; https://www.instagram.com/avibecalledhairthe_salon/?hl=en; Walk-in studio"
Houston,GigEasy,Houston,technology,NO,NO,,no-website / no-address,https://www.google.com/maps/search/?api=1&query=GigEasy%20Houston,Keep,
Houston,Guillory Candle Co.,Houston,home-living,yes,NO,,no-website / no-address,https://www.google.com/maps/search/?api=1&query=Guillory%20Candle%20Co.%20Houston,Edit,https://www.guillorycandleco.com/; https://www.instagram.com/guillorycandleco/
Houston,Hermann Park Smiles,Houston,healthcare,yes,yes,,no-website / no-address,https://www.google.com/maps/search/?api=1&query=Hermann%20Park%20Smiles%20Houston,Edit,"5927 Almeda Rd Ste J, Houston, TX 77004; https://www.hermannparksmiles.com/"
Houston,Llulo,Houston,fashion-apparel,yes,NO,,no-website / no-address,https://www.google.com/maps/search/?api=1&query=Llulo%20Houston,Edit,"https://www.llulo.com/; Hand Crafted, Continent of Africa Inspired, merchandise made to spice up your closet!; online retail"
Houston,Shades of Black Photography,Houston,photography-videography,NO,NO,,no-website / no-address,https://www.google.com/maps/search/?api=1&query=Shades%20of%20Black%20Photography%20Houston,Remove,
Houston,The Butter Bar Skincare,Houston,wellness-health,yes,yes,,no-website / no-address,https://www.google.com/maps/search/?api=1&query=The%20Butter%20Bar%20Skincare%20Houston,Edit,"9934 Jones Rd D7, Houston, TX 77065; https://www.mybutterbar.com/"
Houston,TWT Fitness,Pearland,wellness-health,yes,yes,,metro-area / no-address,https://www.google.com/maps/search/?api=1&query=TWT%20Fitness%20Pearland,Edit,"http://www.twtfitness.net/ ; 2849 Miller Ranch Rd #549, Pearland, TX 77584"
Houston,Blackacre Builders,Houston,construction-trades,yes,yes,,no-address,https://www.google.com/maps/search/?api=1&query=Blackacre%20Builders%20Houston,Edit,"4141 Southwest Fwy, Houston, TX 77027; https://blackacrebuilders.com/contact"
Houston,CB Agency,Houston,social-media-marketing,yes,NO,,no-address,https://www.google.com/maps/search/?api=1&query=CB%20Agency%20Houston,Edit,"9894 Bissonnet St Ste. 908, Houston, TX 77036"
Houston,CLASS Bookstore,Houston,books-publishing,yes,NO,,no-address,https://www.google.com/maps/search/?api=1&query=CLASS%20Bookstore%20Houston,Edit,"3803 Sampson St C, Houston, TX 77004"
Houston,Cool Runnings Jamaican Grill,Houston,food-dining,NO,yes,,no-website,https://www.google.com/maps/search/?api=1&query=Cool%20Runnings%20Jamaican%20Grill%20Houston,Edit,http://coolrunningsjamaicangrill.com/
Houston,Core & Soul Studio,Houston,wellness-health,yes,yes,,no-website,https://www.google.com/maps/search/?api=1&query=Core%20%26%20Soul%20Studio%20Houston,Edit,https://coreandsoulstudio.com/
Houston,Day 6 Coffee Co.,Houston,food-dining,yes,yes,,no-address,https://www.google.com/maps/search/?api=1&query=Day%206%20Coffee%20Co.%20Houston,Edit,"910 Prairie St Suite 100, Houston, TX 77002"
Houston,DJU Entertainment,Houston,events-entertainment,yes,yes,,no-website,https://www.google.com/maps/search/?api=1&query=DJU%20Entertainment%20Houston,Remove,Can't confirm Black-Owned
Houston,Elite Dental Wellness,Houston,healthcare,yes,yes,,no-website,https://www.google.com/maps/search/?api=1&query=Elite%20Dental%20Wellness%20Houston,Edit,https://www.elitedentalwellness.com/?utm_source=organic&utm_medium=gbp&utm_id=local
Houston,Feeling Juicy,Houston,food-dining,yes,yes,,no-address,https://www.google.com/maps/search/?api=1&query=Feeling%20Juicy%20Houston,Edit,"4801 Lyons Ave, Houston, TX 77020"
Houston,Five Star Social Media Agency,Houston,social-media-marketing,yes,yes,,no-address,https://www.google.com/maps/search/?api=1&query=Five%20Star%20Social%20Media%20Agency%20Houston,Edit,"14090 Southwest Fwy Suite No. 300, Sugar Land, TX 77478"
Houston,Gite Gallery,Houston,arts-culture,yes,yes,,no-website,https://www.google.com/maps/search/?api=1&query=Gite%20Gallery%20Houston,Edit,http://www.thegitegallery.com/site
Houston,"Hooker CPA Firm, PLLC",Houston,legal-financial,yes,yes,,no-address,https://www.google.com/maps/search/?api=1&query=Hooker%20CPA%20Firm%2C%20PLLC%20Houston,Edit,"2656 S Loop W Ste 340, Houston, TX 77054"
Houston,Jimerson Advisory Group,Houston,legal-financial,yes,NO,,no-address,https://www.google.com/maps/search/?api=1&query=Jimerson%20Advisory%20Group%20Houston,Keep,"no physical business address, CPA. Looks like its done via booking"
Houston,Lilly's Kloset,Houston,fashion-apparel,yes,NO,,no-address,https://www.google.com/maps/search/?api=1&query=Lilly's%20Kloset%20Houston,Edit,Temporarily closed
Houston,Navy Blue,Houston,food-dining,yes,yes,,no-website,https://www.google.com/maps/search/?api=1&query=Navy%20Blue%20Houston,Edit,https://www.navybluerestaurant.com/
Houston,Premium Goods,Houston,fashion-apparel,yes,yes,,no-address,https://www.google.com/maps/search/?api=1&query=Premium%20Goods%20Houston,Edit,"2416 Times Blvd, Houston, TX 77005"
Houston,Ray's BBQ Shack,Houston,food-dining,yes,yes,,no-website,https://www.google.com/maps/search/?api=1&query=Ray's%20BBQ%20Shack%20Houston,Edit,https://www.raysbbqshack.com/
Houston,Simply Scents Candle Co.,Houston,home-living,NO,yes,,no-website,https://www.google.com/maps/search/?api=1&query=Simply%20Scents%20Candle%20Co.%20Houston,Edit,http://simplyscentscandles.com/
Houston,Sneed & Mitchell LLP,Houston,legal-financial,yes,yes,,no-address,https://www.google.com/maps/search/?api=1&query=Sneed%20%26%20Mitchell%20LLP%20Houston,Edit,"2525 Robinhood St #1100, Houston, TX 77005"
Houston,Source Vital Apothecary + Beauty Market,Houston,beauty-grooming,yes,yes,,no-address,https://www.google.com/maps/search/?api=1&query=Source%20Vital%20Apothecary%20%2B%20Beauty%20Market%20Houston,Edit,"1291 N Post Oak Rd #125, Houston, TX 77055"
Houston,The Beauty Vault HTX,Houston,beauty-grooming,yes,yes,,no-address,https://www.google.com/maps/search/?api=1&query=The%20Beauty%20Vault%20HTX%20Houston,Edit,"3327 Cypress Creek Pkwy, Houston, TX 77068"
Houston,The Black Sheep Agency,Houston,creative-media,yes,NO,,no-address,https://www.google.com/maps/search/?api=1&query=The%20Black%20Sheep%20Agency%20Houston,Remove,not Black-Owned
Houston,Thrive Juices,Houston,food-dining,NO,yes,,no-website,https://www.google.com/maps/search/?api=1&query=Thrive%20Juices%20Houston,Edit,http://www.thrivejuices.com/
Houston,TRENDZ by Tammy,Houston,beauty-grooming,yes,yes,,no-address,https://www.google.com/maps/search/?api=1&query=TRENDZ%20by%20Tammy%20Houston,Edit,"3125 Rosalie St, Houston, TX 77004"
Houston,Tutti Treats,Houston,food-dining,NO,yes,,no-website,https://www.google.com/maps/search/?api=1&query=Tutti%20Treats%20Houston,Remove,Permanently closed
Houston,Vybe Studio,Houston,photography-videography,yes,NO,,no-address,https://www.google.com/maps/search/?api=1&query=Vybe%20Studio%20Houston,Edit,Temporarily closed
Houston,Wonderlikewander,Houston,retail-gifts,NO,yes,,no-website,https://www.google.com/maps/search/?api=1&query=Wonderlikewander%20Houston,Edit,http://www.wonderlikewander.com/
Houston,Alfreda's Soul Food,Houston,food-dining,yes,yes,,,https://www.google.com/maps/search/?api=1&query=Alfreda's%20Soul%20Food%20Houston,Remove,Permanently closed
Houston,Burns Original BBQ,Houston,food-dining,yes,yes,,,https://www.google.com/maps/search/?api=1&query=Burns%20Original%20BBQ%20Houston,Keep,
Houston,ChòpnBlọk,Houston,food-dining,yes,yes,,,https://www.google.com/maps/search/?api=1&query=Ch%C3%B2pnBl%E1%BB%8Dk%20Houston,Keep,
Houston,Gatlin's BBQ,Houston,food-dining,yes,yes,,,https://www.google.com/maps/search/?api=1&query=Gatlin's%20BBQ%20Houston,Keep,
Houston,Houston Small Business Marketing,Houston,social-media-marketing,yes,yes,,,https://www.google.com/maps/search/?api=1&query=Houston%20Small%20Business%20Marketing%20Houston,Keep,
Houston,Kindred Stories,Houston,books-publishing,yes,yes,,,https://www.google.com/maps/search/?api=1&query=Kindred%20Stories%20Houston,Keep,
Houston,Kulture Houston,Houston,food-dining,yes,yes,,,https://www.google.com/maps/search/?api=1&query=Kulture%20Houston%20Houston,Keep,
Houston,Lucille's Houston,Houston,food-dining,yes,yes,,,https://www.google.com/maps/search/?api=1&query=Lucille's%20Houston%20Houston,Keep,
Houston,McConnell & Jones LLP,Houston,legal-financial,yes,yes,,,https://www.google.com/maps/search/?api=1&query=McConnell%20%26%20Jones%20LLP%20Houston,Keep,
Houston,MELODRAMA Boutique,Houston,fashion-apparel,yes,yes,,,https://www.google.com/maps/search/?api=1&query=MELODRAMA%20Boutique%20Houston,Edit,Temporarily closed
Houston,Phil & Derek's,Houston,food-dining,yes,yes,,,https://www.google.com/maps/search/?api=1&query=Phil%20%26%20Derek's%20Houston,Remove,Permanently closed
Houston,Pressed Roots,Houston,beauty-grooming,yes,yes,,,https://www.google.com/maps/search/?api=1&query=Pressed%20Roots%20Houston,Keep,
Houston,Reggae Hut Cafe,Houston,food-dining,yes,yes,,,https://www.google.com/maps/search/?api=1&query=Reggae%20Hut%20Cafe%20Houston,Keep,
Houston,Salon Meyerland,Houston,beauty-grooming,yes,yes,,,https://www.google.com/maps/search/?api=1&query=Salon%20Meyerland%20Houston,Keep,
Houston,The Breakfast Klub,Houston,food-dining,yes,yes,,,https://www.google.com/maps/search/?api=1&query=The%20Breakfast%20Klub%20Houston,Keep,
Houston,The Ensemble Theatre,Houston,events-entertainment,yes,yes,,,https://www.google.com/maps/search/?api=1&query=The%20Ensemble%20Theatre%20Houston,Keep,
Houston,The Plant Project,Houston,home-living,yes,yes,,,https://www.google.com/maps/search/?api=1&query=The%20Plant%20Project%20Houston,Keep,
Houston,Three Keys Coffee,Houston,food-dining,yes,yes,,,https://www.google.com/maps/search/?api=1&query=Three%20Keys%20Coffee%20Houston,Keep,
Houston,Triple J's Smokehouse,Houston,food-dining,yes,yes,,,https://www.google.com/maps/search/?api=1&query=Triple%20J's%20Smokehouse%20Houston,Keep,
Houston,Yoga House Houston,Houston,wellness-health,yes,yes,,,https://www.google.com/maps/search/?api=1&query=Yoga%20House%20Houston%20Houston,Remove,Permanently closed
Chicago,4Degrees,Chicago,technology,yes,NO,,no-address,https://www.google.com/maps/search/?api=1&query=4Degrees%20Chicago,Keep,tech/software company based out of Chicago
Chicago,Africa Auto Repair & Body Shop,Chicago,automotive,NO,yes,,no-website,https://www.google.com/maps/search/?api=1&query=Africa%20Auto%20Repair%20%26%20Body%20Shop%20Chicago,Remove,permanently closed
Chicago,Chicago French Press,Chicago,food-dining,yes,yes,,no-address,https://www.google.com/maps/search/?api=1&query=Chicago%20French%20Press%20Chicago,Edit,"801 S Morgan St
Chicago, IL 60607; University of Illinois Chicago
601 S Morgan St
Chicago, IL 60607; 970 E 58th St
Chicago, IL 60637; 2301 S Martin Luther King Dr
Chicago, IL 60616; 1021 S Delano Ct
Chicago, IL 60605"
Chicago,Coffee Hip Hop & Mental Health,Chicago,wellness-health,yes,yes,,no-address,https://www.google.com/maps/search/?api=1&query=Coffee%20Hip%20Hop%20%26%20Mental%20Health%20Chicago,Edit,"1051 W Belmont Ave, Chicago, IL 60657"
Chicago,Daisy's Po' Boy and Tavern,Chicago,food-dining,yes,yes,,no-website,https://www.google.com/maps/search/?api=1&query=Daisy's%20Po'%20Boy%20and%20Tavern%20Chicago,Edit,http://www.daisyspoboychicago.com/
Chicago,Del-Kar Pharmacy,Chicago,healthcare,NO,yes,,no-website,https://www.google.com/maps/search/?api=1&query=Del-Kar%20Pharmacy%20Chicago,Keep,
Chicago,ELMS Events & Production,Chicago,events-entertainment,yes,NO,,no-address,https://www.google.com/maps/search/?api=1&query=ELMS%20Events%20%26%20Production%20Chicago,Keep,"Events company based in chicago, looks like it's done through booking"
Chicago,Forty Acres Fresh Market,Chicago,food-dining,yes,yes,,no-address,https://www.google.com/maps/search/?api=1&query=Forty%20Acres%20Fresh%20Market%20Chicago,Edit,"5713 W Chicago Ave, Chicago, IL 60651"
Chicago,Hanahana Beauty,Chicago,beauty-grooming,yes,NO,,no-address,https://www.google.com/maps/search/?api=1&query=Hanahana%20Beauty%20Chicago,Keep,Online retail
Chicago,Jimerson Tax and Accounting Chicago,Chicago,legal-financial,yes,NO,,no-address,https://www.google.com/maps/search/?api=1&query=Jimerson%20Tax%20and%20Accounting%20Chicago%20Chicago,Keep,Service based in chicago
Chicago,MADD Rhythms,Chicago,arts-culture,yes,yes,,no-address,https://www.google.com/maps/search/?api=1&query=MADD%20Rhythms%20Chicago,Edit,"4701 S King Dr Use 47th Street Entrance, Chicago, IL 60615"
Chicago,Soul & Smoke Chicago,Chicago,food-dining,yes,yes,,no-address,https://www.google.com/maps/search/?api=1&query=Soul%20%26%20Smoke%20Chicago%20Chicago,Edit,"1601 Payne St. Evanston, IL 60201; 3057 N Rockwell St. Chicago, IL 60618; 500 West Madison Street, Fl 1, Chicago, IL"
Chicago,Uncle Remus Saucy Chicken,Chicago,food-dining,yes,yes,,no-address,https://www.google.com/maps/search/?api=1&query=Uncle%20Remus%20Saucy%20Chicken%20Chicago,Edit,5611 W Madison St; 2537 S Wabash Ave; 4731 W Madison St
Chicago,Zora Digital,Chicago,social-media-marketing,yes,yes,,no-address,https://www.google.com/maps/search/?api=1&query=Zora%20Digital%20Chicago,Edit,"WeWork, 20 W Kinzie St 17th Floor, Chicago, IL 60654"
Chicago,AFRORACK,Chicago,education-tutoring,yes,yes,,,https://www.google.com/maps/search/?api=1&query=AFRORACK%20Chicago,Keep,
Chicago,Ani Real Estate,Chicago,real-estate,yes,yes,,,https://www.google.com/maps/search/?api=1&query=Ani%20Real%20Estate%20Chicago,Keep,
Chicago,Black Ensemble Theater,Chicago,events-entertainment,yes,yes,,,https://www.google.com/maps/search/?api=1&query=Black%20Ensemble%20Theater%20Chicago,Keep,
Chicago,Black Luxe Candle Co.,Chicago,home-living,yes,yes,,,https://www.google.com/maps/search/?api=1&query=Black%20Luxe%20Candle%20Co.%20Chicago,Keep,
Chicago,Brown Sugar Bakery,Chicago,food-dining,yes,yes,,,https://www.google.com/maps/search/?api=1&query=Brown%20Sugar%20Bakery%20Chicago,Keep,
Chicago,Brûlée Chicago,Chicago,food-dining,yes,yes,,,https://www.google.com/maps/search/?api=1&query=Br%C3%BBl%C3%A9e%20Chicago%20Chicago,Keep,
Chicago,Burrell Communications Group,Chicago,social-media-marketing,yes,yes,,,https://www.google.com/maps/search/?api=1&query=Burrell%20Communications%20Group%20Chicago,Keep,
Chicago,Call & Response Books,Chicago,books-publishing,yes,yes,,,https://www.google.com/maps/search/?api=1&query=Call%20%26%20Response%20Books%20Chicago,Keep,
Chicago,CBQ Facial Beauty Bar,Chicago,beauty-grooming,yes,yes,,,https://www.google.com/maps/search/?api=1&query=CBQ%20Facial%20Beauty%20Bar%20Chicago,Keep,
Chicago,CZL P.C.,Chicago,professional-services,yes,yes,,,https://www.google.com/maps/search/?api=1&query=CZL%20P.C.%20Chicago,Keep,
Chicago,Da Book Joint,Chicago,books-publishing,yes,yes,,,https://www.google.com/maps/search/?api=1&query=Da%20Book%20Joint%20Chicago,Keep,
Chicago,Digifé,Chicago,creative-media,yes,yes,,,https://www.google.com/maps/search/?api=1&query=Digif%C3%A9%20Chicago,Keep,
Chicago,Essential Elements Chicago,Chicago,fashion-apparel,yes,yes,,,https://www.google.com/maps/search/?api=1&query=Essential%20Elements%20Chicago%20Chicago,Keep,
Chicago,Esthetic Haus,Chicago,beauty-grooming,yes,yes,,,https://www.google.com/maps/search/?api=1&query=Esthetic%20Haus%20Chicago,Keep,
Chicago,Faie Afrikan Art,Chicago,arts-culture,yes,yes,,,https://www.google.com/maps/search/?api=1&query=Faie%20Afrikan%20Art%20Chicago,Keep,
Chicago,Gallery Guichard,Chicago,arts-culture,yes,yes,,,https://www.google.com/maps/search/?api=1&query=Gallery%20Guichard%20Chicago,Keep,
Chicago,Glasshouse Interior,Chicago,home-living,yes,yes,,,https://www.google.com/maps/search/?api=1&query=Glasshouse%20Interior%20Chicago,Keep,
Chicago,Haji Healing Salon,Chicago,wellness-health,yes,yes,,,https://www.google.com/maps/search/?api=1&query=Haji%20Healing%20Salon%20Chicago,Keep,
Chicago,Honey & Hue Bookstore,Chicago,books-publishing,yes,yes,,,https://www.google.com/maps/search/?api=1&query=Honey%20%26%20Hue%20Bookstore%20Chicago,Keep,
Chicago,Hyde Park Hair Salon,Chicago,beauty-grooming,yes,yes,,,https://www.google.com/maps/search/?api=1&query=Hyde%20Park%20Hair%20Salon%20Chicago,Keep,
Chicago,Innate Allure,Chicago,beauty-grooming,yes,yes,,,https://www.google.com/maps/search/?api=1&query=Innate%20Allure%20Chicago,Keep,
Chicago,Justice of the Pies,Chicago,food-dining,yes,yes,,,https://www.google.com/maps/search/?api=1&query=Justice%20of%20the%20Pies%20Chicago,Keep,
Chicago,Mahalia's Gift Shop,Chicago,retail-gifts,yes,yes,,,https://www.google.com/maps/search/?api=1&query=Mahalia's%20Gift%20Shop%20Chicago,Keep,
Chicago,Mikkey's Retro Grill,Chicago,food-dining,yes,yes,,,https://www.google.com/maps/search/?api=1&query=Mikkey's%20Retro%20Grill%20Chicago,Keep,
Chicago,Momentum Coffee,Chicago,food-dining,yes,yes,,,https://www.google.com/maps/search/?api=1&query=Momentum%20Coffee%20Chicago,Keep,
Chicago,myWHY Agency,Chicago,social-media-marketing,yes,yes,,,https://www.google.com/maps/search/?api=1&query=myWHY%20Agency%20Chicago,Keep,
Chicago,Nafsi,Chicago,food-dining,yes,yes,,,https://www.google.com/maps/search/?api=1&query=Nafsi%20Chicago,Keep,
Chicago,Norman's Bistro,Chicago,food-dining,yes,yes,,,https://www.google.com/maps/search/?api=1&query=Norman's%20Bistro%20Chicago,Keep,
Chicago,Park Manor 75,Chicago,food-dining,yes,yes,,,https://www.google.com/maps/search/?api=1&query=Park%20Manor%2075%20Chicago,Keep,
Chicago,Premier Health Urgent Care,Chicago,healthcare,yes,yes,,,https://www.google.com/maps/search/?api=1&query=Premier%20Health%20Urgent%20Care%20Chicago,Remove,Permanently closed
Chicago,Recycled Modern,Chicago,retail-gifts,yes,yes,,,https://www.google.com/maps/search/?api=1&query=Recycled%20Modern%20Chicago,Keep,
Chicago,"Robin L. Ferguson, DDS",Chicago,healthcare,yes,yes,,,https://www.google.com/maps/search/?api=1&query=Robin%20L.%20Ferguson%2C%20DDS%20Chicago,Keep,
Chicago,Semicolon Bookstore,Chicago,books-publishing,yes,yes,,,https://www.google.com/maps/search/?api=1&query=Semicolon%20Bookstore%20Chicago,Edit,Temporarily closed
Chicago,Studio Yogi,Chicago,wellness-health,yes,yes,,,https://www.google.com/maps/search/?api=1&query=Studio%20Yogi%20Chicago,Keep,
Chicago,Summerset Studios,Chicago,photography-videography,yes,yes,,,https://www.google.com/maps/search/?api=1&query=Summerset%20Studios%20Chicago,Keep,
Chicago,The Silver Room,Chicago,retail-gifts,yes,yes,,,https://www.google.com/maps/search/?api=1&query=The%20Silver%20Room%20Chicago,Keep,
Chicago,The.BlkRoom,Chicago,creative-media,yes,yes,,,https://www.google.com/maps/search/?api=1&query=The.BlkRoom%20Chicago,Keep,
Chicago,"UJAMAA Construction, Inc.",Chicago,construction-trades,yes,yes,,,https://www.google.com/maps/search/?api=1&query=UJAMAA%20Construction%2C%20Inc.%20Chicago,Keep,
Chicago,Virtue Restaurant,Chicago,food-dining,yes,yes,,,https://www.google.com/maps/search/?api=1&query=Virtue%20Restaurant%20Chicago,Keep,
Chicago,Woodlawn Dental Gallery,Chicago,healthcare,yes,yes,,,https://www.google.com/maps/search/?api=1&query=Woodlawn%20Dental%20Gallery%20Chicago,Keep,