City,Name,City (listed),Category,Has website/social,Has address,Dupe?,Unsourced fields,Flags,Verify (Google Maps),Keep / Edit / Remove,Founder notes
Atlanta,A Pot To Plant In,Smyrna,retail-gifts,yes,yes,,,metro-area,https://www.google.com/maps/search/?api=1&query=A%20Pot%20To%20Plant%20In%20Smyrna,,
Atlanta,Anwuli Eyewear,Atlanta,fashion-apparel,yes,NO,,,no-address,https://www.google.com/maps/search/?api=1&query=Anwuli%20Eyewear%20Atlanta,,
Atlanta,Bankhead Seafood,Atlanta,food-dining,NO,yes,,,no-website,https://www.google.com/maps/search/?api=1&query=Bankhead%20Seafood%20Atlanta,,
Atlanta,Black Art In America Gallery & Gardens,East Point,arts-culture,yes,yes,,,metro-area,https://www.google.com/maps/search/?api=1&query=Black%20Art%20In%20America%20Gallery%20%26%20Gardens%20East%20Point,,
Atlanta,Black Visionary Studio,Atlanta,photography-videography,yes,NO,,,no-address,https://www.google.com/maps/search/?api=1&query=Black%20Visionary%20Studio%20Atlanta,,
Atlanta,BLK FRVR,Atlanta,fashion-apparel,yes,NO,,,no-address,https://www.google.com/maps/search/?api=1&query=BLK%20FRVR%20Atlanta,,
Atlanta,Bomb Biscuit Co.,Atlanta,food-dining,yes,NO,,,no-address,https://www.google.com/maps/search/?api=1&query=Bomb%20Biscuit%20Co.%20Atlanta,,
Atlanta,Brave + Kind Bookshop,Decatur,books-publishing,yes,yes,,,metro-area,https://www.google.com/maps/search/?api=1&query=Brave%20%2B%20Kind%20Bookshop%20Decatur,,
Atlanta,Chapter Ave Productions,Atlanta,creative-media,yes,NO,,,no-address,https://www.google.com/maps/search/?api=1&query=Chapter%20Ave%20Productions%20Atlanta,,
Atlanta,Conley Realty Group,Decatur,real-estate,yes,yes,,,metro-area,https://www.google.com/maps/search/?api=1&query=Conley%20Realty%20Group%20Decatur,,
Atlanta,Cutz By Black,Atlanta,beauty-grooming,NO,yes,,,no-website,https://www.google.com/maps/search/?api=1&query=Cutz%20By%20Black%20Atlanta,,
Atlanta,Dawn's of Essence Salon,Lawrenceville,beauty-grooming,yes,yes,,,metro-area,https://www.google.com/maps/search/?api=1&query=Dawn's%20of%20Essence%20Salon%20Lawrenceville,,
Atlanta,Design OCD,Atlanta,home-living,yes,NO,,,no-address,https://www.google.com/maps/search/?api=1&query=Design%20OCD%20Atlanta,,
Atlanta,Fender Bender's Autobody & Collision Repair,Jonesboro,automotive,yes,yes,,,metro-area,https://www.google.com/maps/search/?api=1&query=Fender%20Bender's%20Autobody%20%26%20Collision%20Repair%20Jonesboro,,
Atlanta,Gilly Brew Bar,Stone Mountain,food-dining,yes,yes,,,metro-area,https://www.google.com/maps/search/?api=1&query=Gilly%20Brew%20Bar%20Stone%20Mountain,,
Atlanta,Gymnetics Fitness East,Atlanta,wellness-health,NO,yes,,,no-website,https://www.google.com/maps/search/?api=1&query=Gymnetics%20Fitness%20East%20Atlanta,,
Atlanta,Honor Roll Clothing,Atlanta,fashion-apparel,yes,NO,,,no-address,https://www.google.com/maps/search/?api=1&query=Honor%20Roll%20Clothing%20Atlanta,,
Atlanta,InterSearchMedia,Snellville,social-media-marketing,yes,yes,,,metro-area,https://www.google.com/maps/search/?api=1&query=InterSearchMedia%20Snellville,,
Atlanta,Jimerson Tax and Accounting,Atlanta,legal-financial,yes,NO,,,no-address,https://www.google.com/maps/search/?api=1&query=Jimerson%20Tax%20and%20Accounting%20Atlanta,,
Atlanta,Juci Jerk,Stone Mountain,food-dining,yes,yes,,,metro-area,https://www.google.com/maps/search/?api=1&query=Juci%20Jerk%20Stone%20Mountain,,
Atlanta,Just 4 Girls Salon,Marietta,beauty-grooming,yes,yes,,,metro-area,https://www.google.com/maps/search/?api=1&query=Just%204%20Girls%20Salon%20Marietta,,
Atlanta,Kupcakerie,East Point,food-dining,yes,yes,,,metro-area,https://www.google.com/maps/search/?api=1&query=Kupcakerie%20East%20Point,,
Atlanta,Local Green Atlanta,Atlanta,food-dining,NO,yes,,,no-website,https://www.google.com/maps/search/?api=1&query=Local%20Green%20Atlanta%20Atlanta,,
Atlanta,Lov'n It Live,East Point,food-dining,yes,yes,,,metro-area,https://www.google.com/maps/search/?api=1&query=Lov'n%20It%20Live%20East%20Point,,
Atlanta,Merritt & Merritt Law Firm,Decatur,legal-financial,yes,yes,,,metro-area,https://www.google.com/maps/search/?api=1&query=Merritt%20%26%20Merritt%20Law%20Firm%20Decatur,,
Atlanta,Myavana,Atlanta,technology,yes,NO,,,no-address,https://www.google.com/maps/search/?api=1&query=Myavana%20Atlanta,,
Atlanta,Paradise Park ATL,Atlanta,wellness-health,yes,NO,,,no-address,https://www.google.com/maps/search/?api=1&query=Paradise%20Park%20ATL%20Atlanta,,
Atlanta,Soul Vegetarian,Atlanta,food-dining,NO,yes,,,no-website,https://www.google.com/maps/search/?api=1&query=Soul%20Vegetarian%20Atlanta,,
Atlanta,SR Law Group,Douglasville,legal-financial,yes,yes,,,metro-area,https://www.google.com/maps/search/?api=1&query=SR%20Law%20Group%20Douglasville,,
Atlanta,Textur'd Silk Bar,Atlanta,beauty-grooming,yes,NO,,,no-address,https://www.google.com/maps/search/?api=1&query=Textur'd%20Silk%20Bar%20Atlanta,,
Atlanta,The Black Firm LLC,Lawrenceville,legal-financial,yes,yes,,,metro-area,https://www.google.com/maps/search/?api=1&query=The%20Black%20Firm%20LLC%20Lawrenceville,,
Atlanta,The Blaxican,Peachtree Corners,food-dining,yes,yes,,,metro-area,https://www.google.com/maps/search/?api=1&query=The%20Blaxican%20Peachtree%20Corners,,
Atlanta,The Breakfast Boys,College Park,food-dining,yes,yes,,,metro-area,https://www.google.com/maps/search/?api=1&query=The%20Breakfast%20Boys%20College%20Park,,
Atlanta,The Construction Kings,Atlanta,construction-trades,yes,NO,,,no-address,https://www.google.com/maps/search/?api=1&query=The%20Construction%20Kings%20Atlanta,,
Atlanta,The Corner Grille,Atlanta,food-dining,NO,yes,,,no-website,https://www.google.com/maps/search/?api=1&query=The%20Corner%20Grille%20Atlanta,,
Atlanta,The Real Milk & Honey,College Park,food-dining,yes,yes,,,metro-area,https://www.google.com/maps/search/?api=1&query=The%20Real%20Milk%20%26%20Honey%20College%20Park,,
Atlanta,The Wellness Spot ATL,College Park,wellness-health,yes,yes,,,metro-area,https://www.google.com/maps/search/?api=1&query=The%20Wellness%20Spot%20ATL%20College%20Park,,
Atlanta,True Peace Counseling & Wellness,Atlanta,healthcare,yes,NO,,,no-address,https://www.google.com/maps/search/?api=1&query=True%20Peace%20Counseling%20%26%20Wellness%20Atlanta,,
Atlanta,Vertical Activewear,Atlanta,fashion-apparel,yes,NO,,,no-address,https://www.google.com/maps/search/?api=1&query=Vertical%20Activewear%20Atlanta,,
Atlanta,Zyrobotics,Atlanta,technology,yes,NO,,,no-address,https://www.google.com/maps/search/?api=1&query=Zyrobotics%20Atlanta,,
Atlanta,"100 Black Men of Atlanta, Inc.",Atlanta,nonprofits-community-orgs,yes,yes,,,,https://www.google.com/maps/search/?api=1&query=100%20Black%20Men%20of%20Atlanta%2C%20Inc.%20Atlanta,,
Atlanta,44th & 3rd Bookseller,Atlanta,books-publishing,yes,yes,,,,https://www.google.com/maps/search/?api=1&query=44th%20%26%203rd%20Bookseller%20Atlanta,,
Atlanta,African Diaspora Art Museum of Atlanta,Atlanta,arts-culture,yes,yes,,,,https://www.google.com/maps/search/?api=1&query=African%20Diaspora%20Art%20Museum%20of%20Atlanta%20Atlanta,,
Atlanta,Aligned 4 Life Wellness,Atlanta,healthcare,yes,yes,,,,https://www.google.com/maps/search/?api=1&query=Aligned%204%20Life%20Wellness%20Atlanta,,
Atlanta,APEX Museum,Atlanta,arts-culture,yes,yes,,,,https://www.google.com/maps/search/?api=1&query=APEX%20Museum%20Atlanta,,
Atlanta,Apt 4B,Atlanta,food-dining,yes,yes,,,,https://www.google.com/maps/search/?api=1&query=Apt%204B%20Atlanta,,
Atlanta,Atlanta Breakfast Club,Atlanta,food-dining,yes,yes,,,,https://www.google.com/maps/search/?api=1&query=Atlanta%20Breakfast%20Club%20Atlanta,,
Atlanta,Atlanta Chiropractic and Rehab,Atlanta,healthcare,yes,yes,,,,https://www.google.com/maps/search/?api=1&query=Atlanta%20Chiropractic%20and%20Rehab%20Atlanta,,
Atlanta,Atlanta Influences Everything,Atlanta,fashion-apparel,yes,yes,,,,https://www.google.com/maps/search/?api=1&query=Atlanta%20Influences%20Everything%20Atlanta,,
Atlanta,Big Dave's Cheesesteaks,Atlanta,food-dining,yes,yes,,,,https://www.google.com/maps/search/?api=1&query=Big%20Dave's%20Cheesesteaks%20Atlanta,,
Atlanta,Black Coffee ATL,Atlanta,food-dining,yes,yes,,,,https://www.google.com/maps/search/?api=1&query=Black%20Coffee%20ATL%20Atlanta,,
Atlanta,BRANDPRENUER,Atlanta,professional-services,yes,yes,,,,https://www.google.com/maps/search/?api=1&query=BRANDPRENUER%20Atlanta,,
Atlanta,Busy Bee Cafe,Atlanta,food-dining,yes,yes,,,,https://www.google.com/maps/search/?api=1&query=Busy%20Bee%20Cafe%20Atlanta,,
Atlanta,Cafe Bourbon Street,Atlanta,food-dining,yes,yes,,,,https://www.google.com/maps/search/?api=1&query=Cafe%20Bourbon%20Street%20Atlanta,,
Atlanta,Celestial Spa,Atlanta,wellness-health,yes,yes,,,,https://www.google.com/maps/search/?api=1&query=Celestial%20Spa%20Atlanta,,
Atlanta,Change-Of-Pace Chiropractic+,Atlanta,healthcare,yes,yes,,,,https://www.google.com/maps/search/?api=1&query=Change-Of-Pace%20Chiropractic%2B%20Atlanta,,
Atlanta,Che Butter Jonez,Atlanta,food-dining,yes,yes,,,,https://www.google.com/maps/search/?api=1&query=Che%20Butter%20Jonez%20Atlanta,,
Atlanta,Chef Rob's Caribbean Cafe,Atlanta,food-dining,yes,yes,,,,https://www.google.com/maps/search/?api=1&query=Chef%20Rob's%20Caribbean%20Cafe%20Atlanta,,
Atlanta,ChiroJunky,Atlanta,healthcare,yes,yes,,,,https://www.google.com/maps/search/?api=1&query=ChiroJunky%20Atlanta,,
Atlanta,Chroma Creators,Atlanta,creative-media,yes,yes,,,,https://www.google.com/maps/search/?api=1&query=Chroma%20Creators%20Atlanta,,
Atlanta,Coffee Was Black,Atlanta,food-dining,yes,yes,,,,https://www.google.com/maps/search/?api=1&query=Coffee%20Was%20Black%20Atlanta,,
Atlanta,Crates ATL,Atlanta,retail-gifts,yes,yes,,,,https://www.google.com/maps/search/?api=1&query=Crates%20ATL%20Atlanta,,
Atlanta,Creative Juice,Atlanta,creative-media,yes,yes,,,,https://www.google.com/maps/search/?api=1&query=Creative%20Juice%20Atlanta,,
Atlanta,CreativeSoul Photography,Atlanta,photography-videography,yes,yes,,,,https://www.google.com/maps/search/?api=1&query=CreativeSoul%20Photography%20Atlanta,,
Atlanta,D'juan's Bistro,Atlanta,food-dining,yes,yes,,,,https://www.google.com/maps/search/?api=1&query=D'juan's%20Bistro%20Atlanta,,
Atlanta,D'Lor Salon & Spa,Atlanta,beauty-grooming,yes,yes,,,,https://www.google.com/maps/search/?api=1&query=D'Lor%20Salon%20%26%20Spa%20Atlanta,,
Atlanta,Desta Ethiopian Kitchen,Atlanta,food-dining,yes,yes,,,,https://www.google.com/maps/search/?api=1&query=Desta%20Ethiopian%20Kitchen%20Atlanta,,
Atlanta,E.F.F.E.C.T. Fitness,Atlanta,wellness-health,yes,yes,,,,https://www.google.com/maps/search/?api=1&query=E.F.F.E.C.T.%20Fitness%20Atlanta,,
Atlanta,Events by Mesita,Atlanta,events-entertainment,yes,yes,,,,https://www.google.com/maps/search/?api=1&query=Events%20by%20Mesita%20Atlanta,,
Atlanta,Felton & Peel Wealth Management,Atlanta,legal-financial,yes,yes,,,,https://www.google.com/maps/search/?api=1&query=Felton%20%26%20Peel%20Wealth%20Management%20Atlanta,,
Atlanta,For Keeps Books,Atlanta,books-publishing,yes,yes,,,,https://www.google.com/maps/search/?api=1&query=For%20Keeps%20Books%20Atlanta,,
Atlanta,FourStage Branding,Atlanta,professional-services,yes,yes,,,,https://www.google.com/maps/search/?api=1&query=FourStage%20Branding%20Atlanta,,
Atlanta,Future Gallery,Atlanta,arts-culture,yes,yes,,,,https://www.google.com/maps/search/?api=1&query=Future%20Gallery%20Atlanta,,
Atlanta,Gocha's Breakfast Bar,Atlanta,food-dining,yes,yes,,,,https://www.google.com/maps/search/?api=1&query=Gocha's%20Breakfast%20Bar%20Atlanta,,
Atlanta,God is Dope,Atlanta,fashion-apparel,yes,yes,,,,https://www.google.com/maps/search/?api=1&query=God%20is%20Dope%20Atlanta,,
Atlanta,Goodr,Atlanta,technology,yes,yes,,,,https://www.google.com/maps/search/?api=1&query=Goodr%20Atlanta,,
Atlanta,Gymnetics Fitness,Atlanta,wellness-health,yes,yes,,,,https://www.google.com/maps/search/?api=1&query=Gymnetics%20Fitness%20Atlanta,,
Atlanta,H.J. Russell & Company,Atlanta,construction-trades,yes,yes,,,,https://www.google.com/maps/search/?api=1&query=H.J.%20Russell%20%26%20Company%20Atlanta,,
Atlanta,Hammonds House Museum,Atlanta,arts-culture,yes,yes,,,,https://www.google.com/maps/search/?api=1&query=Hammonds%20House%20Museum%20Atlanta,,
Atlanta,Happy Mango Baby Boutique,Atlanta,retail-gifts,yes,yes,,,,https://www.google.com/maps/search/?api=1&query=Happy%20Mango%20Baby%20Boutique%20Atlanta,,
Atlanta,Hippin' Hops Brewery,Atlanta,food-dining,yes,yes,,,,https://www.google.com/maps/search/?api=1&query=Hippin'%20Hops%20Brewery%20Atlanta,,
Atlanta,Humphrey & Ballard Law,Atlanta,legal-financial,yes,yes,,,,https://www.google.com/maps/search/?api=1&query=Humphrey%20%26%20Ballard%20Law%20Atlanta,,
Atlanta,I Am/I Can Strength and Conditioning Gym,Atlanta,wellness-health,yes,yes,,,,https://www.google.com/maps/search/?api=1&query=I%20Am%2FI%20Can%20Strength%20and%20Conditioning%20Gym%20Atlanta,,
Atlanta,Images USA,Atlanta,social-media-marketing,yes,yes,,,,https://www.google.com/maps/search/?api=1&query=Images%20USA%20Atlanta,,
Atlanta,JB's Record Lounge,Atlanta,arts-culture,yes,yes,,,,https://www.google.com/maps/search/?api=1&query=JB's%20Record%20Lounge%20Atlanta,,
Atlanta,Johnson STEM Activity Center,Atlanta,education-tutoring,yes,yes,,,,https://www.google.com/maps/search/?api=1&query=Johnson%20STEM%20Activity%20Center%20Atlanta,,
Atlanta,Just Add Honey Tea Company,Atlanta,food-dining,yes,yes,,,,https://www.google.com/maps/search/?api=1&query=Just%20Add%20Honey%20Tea%20Company%20Atlanta,,
Atlanta,Just Cutz Barber Shop,Atlanta,beauty-grooming,yes,yes,,,,https://www.google.com/maps/search/?api=1&query=Just%20Cutz%20Barber%20Shop%20Atlanta,,
Atlanta,K & K Soul Food,Atlanta,food-dining,yes,yes,,,,https://www.google.com/maps/search/?api=1&query=K%20%26%20K%20Soul%20Food%20Atlanta,,
Atlanta,Life Bistro,Atlanta,food-dining,yes,yes,,,,https://www.google.com/maps/search/?api=1&query=Life%20Bistro%20Atlanta,,
Atlanta,Liquid Soul,Atlanta,social-media-marketing,yes,yes,,,,https://www.google.com/maps/search/?api=1&query=Liquid%20Soul%20Atlanta,,
Atlanta,Mahone Studios,Atlanta,photography-videography,yes,yes,,,,https://www.google.com/maps/search/?api=1&query=Mahone%20Studios%20Atlanta,,
Atlanta,Midtown Dental Center,Atlanta,healthcare,yes,yes,,,,https://www.google.com/maps/search/?api=1&query=Midtown%20Dental%20Center%20Atlanta,,
Atlanta,Miss Conduck,Atlanta,food-dining,yes,yes,,,,https://www.google.com/maps/search/?api=1&query=Miss%20Conduck%20Atlanta,,
Atlanta,Mogul Grooming Co.,Atlanta,beauty-grooming,yes,yes,,,,https://www.google.com/maps/search/?api=1&query=Mogul%20Grooming%20Co.%20Atlanta,,
Atlanta,Mr. Everything Cafe,Atlanta,food-dining,yes,yes,,,,https://www.google.com/maps/search/?api=1&query=Mr.%20Everything%20Cafe%20Atlanta,,
Atlanta,Nail Favor Salon & Spa,Atlanta,beauty-grooming,yes,yes,,,,https://www.google.com/maps/search/?api=1&query=Nail%20Favor%20Salon%20%26%20Spa%20Atlanta,,
Atlanta,Negril ATL,Atlanta,food-dining,yes,yes,,,,https://www.google.com/maps/search/?api=1&query=Negril%20ATL%20Atlanta,,
Atlanta,Nourish + Bloom Market,Atlanta,food-dining,yes,yes,,,,https://www.google.com/maps/search/?api=1&query=Nourish%20%2B%20Bloom%20Market%20Atlanta,,
Atlanta,Nubiance Salon & Spa,Atlanta,beauty-grooming,yes,yes,,,,https://www.google.com/maps/search/?api=1&query=Nubiance%20Salon%20%26%20Spa%20Atlanta,,
Atlanta,Ooh Spa LaLah,Atlanta,beauty-grooming,yes,yes,,,,https://www.google.com/maps/search/?api=1&query=Ooh%20Spa%20LaLah%20Atlanta,,
Atlanta,Paschal's,Atlanta,food-dining,yes,yes,,,,https://www.google.com/maps/search/?api=1&query=Paschal's%20Atlanta,,
Atlanta,Pink Pothos ATL,Atlanta,retail-gifts,yes,yes,,,,https://www.google.com/maps/search/?api=1&query=Pink%20Pothos%20ATL%20Atlanta,,
Atlanta,Pink Sky Boutique,Atlanta,fashion-apparel,yes,yes,,,,https://www.google.com/maps/search/?api=1&query=Pink%20Sky%20Boutique%20Atlanta,,
Atlanta,Plant Based Pizzeria,Atlanta,food-dining,yes,yes,,,,https://www.google.com/maps/search/?api=1&query=Plant%20Based%20Pizzeria%20Atlanta,,
Atlanta,Portrait Coffee,Atlanta,food-dining,yes,yes,,,,https://www.google.com/maps/search/?api=1&query=Portrait%20Coffee%20Atlanta,,
Atlanta,PRecise Communications,Atlanta,professional-services,yes,yes,,,,https://www.google.com/maps/search/?api=1&query=PRecise%20Communications%20Atlanta,,
Atlanta,Pressed ATL,Atlanta,fashion-apparel,yes,yes,,,,https://www.google.com/maps/search/?api=1&query=Pressed%20ATL%20Atlanta,,
Atlanta,Prestige Accounting & Consulting,Atlanta,legal-financial,yes,yes,,,,https://www.google.com/maps/search/?api=1&query=Prestige%20Accounting%20%26%20Consulting%20Atlanta,,
Atlanta,Project: Body ATL,Atlanta,wellness-health,yes,yes,,,,https://www.google.com/maps/search/?api=1&query=Project%3A%20Body%20ATL%20Atlanta,,
Atlanta,Qtalent Solutions,Atlanta,professional-services,yes,yes,,,,https://www.google.com/maps/search/?api=1&query=Qtalent%20Solutions%20Atlanta,,
Atlanta,RefreshCoAtl,Atlanta,home-living,yes,yes,,,,https://www.google.com/maps/search/?api=1&query=RefreshCoAtl%20Atlanta,,
Atlanta,Respiré Massage & Spa,Atlanta,wellness-health,yes,yes,,,,https://www.google.com/maps/search/?api=1&query=Respir%C3%A9%20Massage%20%26%20Spa%20Atlanta,,
Atlanta,Roc South Cuisine,Atlanta,food-dining,yes,yes,,,,https://www.google.com/maps/search/?api=1&query=Roc%20South%20Cuisine%20Atlanta,,
Atlanta,Rock Steady Atlanta,Atlanta,food-dining,yes,yes,,,,https://www.google.com/maps/search/?api=1&query=Rock%20Steady%20Atlanta%20Atlanta,,
Atlanta,Sati Yoga & Wellness,Atlanta,wellness-health,yes,yes,,,,https://www.google.com/maps/search/?api=1&query=Sati%20Yoga%20%26%20Wellness%20Atlanta,,
Atlanta,Seed Atlanta,Atlanta,retail-gifts,yes,yes,,,,https://www.google.com/maps/search/?api=1&query=Seed%20Atlanta%20Atlanta,,
Atlanta,Seviin Yoga,Atlanta,wellness-health,yes,yes,,,,https://www.google.com/maps/search/?api=1&query=Seviin%20Yoga%20Atlanta,,
Atlanta,Shea Locs Natural Hair Studio,Atlanta,beauty-grooming,yes,yes,,,,https://www.google.com/maps/search/?api=1&query=Shea%20Locs%20Natural%20Hair%20Studio%20Atlanta,,
Atlanta,Shorthair Xpress,Atlanta,beauty-grooming,yes,yes,,,,https://www.google.com/maps/search/?api=1&query=Shorthair%20Xpress%20Atlanta,,
Atlanta,SKYHH Salon,Atlanta,beauty-grooming,yes,yes,,,,https://www.google.com/maps/search/?api=1&query=SKYHH%20Salon%20Atlanta,,
Atlanta,Slim & Husky's Pizza Beeria,Atlanta,food-dining,yes,yes,,,,https://www.google.com/maps/search/?api=1&query=Slim%20%26%20Husky's%20Pizza%20Beeria%20Atlanta,,
Atlanta,Slutty Vegan ATL,Atlanta,food-dining,yes,yes,,,,https://www.google.com/maps/search/?api=1&query=Slutty%20Vegan%20ATL%20Atlanta,,
Atlanta,Souk Bohemian,Atlanta,fashion-apparel,yes,yes,,,,https://www.google.com/maps/search/?api=1&query=Souk%20Bohemian%20Atlanta,,
Atlanta,Stretch ATL,Atlanta,wellness-health,yes,yes,,,,https://www.google.com/maps/search/?api=1&query=Stretch%20ATL%20Atlanta,,
Atlanta,Sublime Doughnuts,Atlanta,food-dining,yes,yes,,,,https://www.google.com/maps/search/?api=1&query=Sublime%20Doughnuts%20Atlanta,,
Atlanta,Sweet Auburn Bread Company,Atlanta,food-dining,yes,yes,,,,https://www.google.com/maps/search/?api=1&query=Sweet%20Auburn%20Bread%20Company%20Atlanta,,
Atlanta,T. Dallas Smith & Company,Atlanta,real-estate,yes,yes,,,,https://www.google.com/maps/search/?api=1&query=T.%20Dallas%20Smith%20%26%20Company%20Atlanta,,
Atlanta,Tassili's Raw Reality Cafe,Atlanta,food-dining,yes,yes,,,,https://www.google.com/maps/search/?api=1&query=Tassili's%20Raw%20Reality%20Cafe%20Atlanta,,
Atlanta,The Embry Law Firm,Atlanta,legal-financial,yes,yes,,,,https://www.google.com/maps/search/?api=1&query=The%20Embry%20Law%20Firm%20Atlanta,,
Atlanta,The James Room,Atlanta,food-dining,yes,yes,,,,https://www.google.com/maps/search/?api=1&query=The%20James%20Room%20Atlanta,,
Atlanta,The Kindred Healing Center,Atlanta,wellness-health,yes,yes,,,,https://www.google.com/maps/search/?api=1&query=The%20Kindred%20Healing%20Center%20Atlanta,,
Atlanta,The Kool Source,Atlanta,social-media-marketing,yes,yes,,,,https://www.google.com/maps/search/?api=1&query=The%20Kool%20Source%20Atlanta,,
Atlanta,The Loft Athletic Club,Atlanta,wellness-health,yes,yes,,,,https://www.google.com/maps/search/?api=1&query=The%20Loft%20Athletic%20Club%20Atlanta,,
Atlanta,The Maltbia Agency,Atlanta,legal-financial,yes,yes,,,,https://www.google.com/maps/search/?api=1&query=The%20Maltbia%20Agency%20Atlanta,,
Atlanta,The Taste Boutique,Atlanta,fashion-apparel,yes,yes,,,,https://www.google.com/maps/search/?api=1&query=The%20Taste%20Boutique%20Atlanta,,
Atlanta,The Village Retail Market,Atlanta,fashion-apparel,yes,yes,,,,https://www.google.com/maps/search/?api=1&query=The%20Village%20Retail%20Market%20Atlanta,,
Atlanta,The Winston CPA Group,Atlanta,legal-financial,yes,yes,,,,https://www.google.com/maps/search/?api=1&query=The%20Winston%20CPA%20Group%20Atlanta,,
Atlanta,Think and Ink Grant Consulting,Atlanta,professional-services,yes,yes,,,,https://www.google.com/maps/search/?api=1&query=Think%20and%20Ink%20Grant%20Consulting%20Atlanta,,
Atlanta,This Is It! BBQ & Seafood,Atlanta,food-dining,yes,yes,,,,https://www.google.com/maps/search/?api=1&query=This%20Is%20It!%20BBQ%20%26%20Seafood%20Atlanta,,
Atlanta,TKST Law,Atlanta,legal-financial,yes,yes,,,,https://www.google.com/maps/search/?api=1&query=TKST%20Law%20Atlanta,,
Atlanta,Tony's Barber Studio,Atlanta,beauty-grooming,yes,yes,,,,https://www.google.com/maps/search/?api=1&query=Tony's%20Barber%20Studio%20Atlanta,,
Atlanta,Twisted Soul Cookhouse & Pours,Atlanta,food-dining,yes,yes,,,,https://www.google.com/maps/search/?api=1&query=Twisted%20Soul%20Cookhouse%20%26%20Pours%20Atlanta,,
Atlanta,Urban Grind Atlanta,Atlanta,food-dining,yes,yes,,,,https://www.google.com/maps/search/?api=1&query=Urban%20Grind%20Atlanta%20Atlanta,,
Atlanta,Versus ATL,Atlanta,fashion-apparel,yes,yes,,,,https://www.google.com/maps/search/?api=1&query=Versus%20ATL%20Atlanta,,
Atlanta,Vibe Ride Grant Park,Atlanta,wellness-health,yes,yes,,,,https://www.google.com/maps/search/?api=1&query=Vibe%20Ride%20Grant%20Park%20Atlanta,,
Atlanta,Virgil's Gullah Kitchen & Bar,Atlanta,food-dining,yes,yes,,,,https://www.google.com/maps/search/?api=1&query=Virgil's%20Gullah%20Kitchen%20%26%20Bar%20Atlanta,,
Atlanta,Wadada Healthy Market & Juice Bar,Atlanta,food-dining,yes,yes,,,,https://www.google.com/maps/search/?api=1&query=Wadada%20Healthy%20Market%20%26%20Juice%20Bar%20Atlanta,,
Atlanta,WEBMyers Construction,Atlanta,construction-trades,yes,yes,,,,https://www.google.com/maps/search/?api=1&query=WEBMyers%20Construction%20Atlanta,,
Atlanta,XEC Solutions,Atlanta,professional-services,yes,yes,,,,https://www.google.com/maps/search/?api=1&query=XEC%20Solutions%20Atlanta,,
Atlanta,ZuCot Gallery,Atlanta,arts-culture,yes,yes,,,,https://www.google.com/maps/search/?api=1&query=ZuCot%20Gallery%20Atlanta,,
Houston,GigEasy,Houston,technology,NO,NO,,,no-website / no-address,https://www.google.com/maps/search/?api=1&query=GigEasy%20Houston,,
Houston,A Vibe Called Hair,Bellaire,beauty-grooming,yes,yes,,,metro-area,https://www.google.com/maps/search/?api=1&query=A%20Vibe%20Called%20Hair%20Bellaire,,
Houston,Five Star Social Media Agency,Sugar Land,social-media-marketing,yes,yes,,,metro-area,https://www.google.com/maps/search/?api=1&query=Five%20Star%20Social%20Media%20Agency%20Sugar%20Land,,
Houston,Guillory Candle Co.,Houston,home-living,yes,NO,,,no-address,https://www.google.com/maps/search/?api=1&query=Guillory%20Candle%20Co.%20Houston,,
Houston,Jimerson Advisory Group,Houston,legal-financial,yes,NO,,,no-address,https://www.google.com/maps/search/?api=1&query=Jimerson%20Advisory%20Group%20Houston,,
Houston,Llulo,Houston,fashion-apparel,yes,NO,,,no-address,https://www.google.com/maps/search/?api=1&query=Llulo%20Houston,,
Houston,TWT Fitness,Pearland,wellness-health,yes,yes,,,metro-area,https://www.google.com/maps/search/?api=1&query=TWT%20Fitness%20Pearland,,
Houston,Blackacre Builders,Houston,construction-trades,yes,yes,,,,https://www.google.com/maps/search/?api=1&query=Blackacre%20Builders%20Houston,,
Houston,Burns Original BBQ,Houston,food-dining,yes,yes,,,,https://www.google.com/maps/search/?api=1&query=Burns%20Original%20BBQ%20Houston,,
Houston,CB Agency,Houston,social-media-marketing,yes,yes,,,,https://www.google.com/maps/search/?api=1&query=CB%20Agency%20Houston,,
Houston,ChòpnBlọk,Houston,food-dining,yes,yes,,,,https://www.google.com/maps/search/?api=1&query=Ch%C3%B2pnBl%E1%BB%8Dk%20Houston,,
Houston,CLASS Bookstore,Houston,books-publishing,yes,yes,,,,https://www.google.com/maps/search/?api=1&query=CLASS%20Bookstore%20Houston,,
Houston,Cool Runnings Jamaican Grill,Houston,food-dining,yes,yes,,,,https://www.google.com/maps/search/?api=1&query=Cool%20Runnings%20Jamaican%20Grill%20Houston,,
Houston,Core & Soul Studio,Houston,wellness-health,yes,yes,,,,https://www.google.com/maps/search/?api=1&query=Core%20%26%20Soul%20Studio%20Houston,,
Houston,Day 6 Coffee Co.,Houston,food-dining,yes,yes,,,,https://www.google.com/maps/search/?api=1&query=Day%206%20Coffee%20Co.%20Houston,,
Houston,Doshi House,Houston,food-dining,yes,yes,,,,https://www.google.com/maps/search/?api=1&query=Doshi%20House%20Houston,,
Houston,Elite Dental Wellness,Houston,healthcare,yes,yes,,,,https://www.google.com/maps/search/?api=1&query=Elite%20Dental%20Wellness%20Houston,,
Houston,Esther's Cajun Café & Soul Food,Houston,food-dining,yes,yes,,,,https://www.google.com/maps/search/?api=1&query=Esther's%20Cajun%20Caf%C3%A9%20%26%20Soul%20Food%20Houston,,
Houston,Feeling Juicy,Houston,food-dining,yes,yes,,,,https://www.google.com/maps/search/?api=1&query=Feeling%20Juicy%20Houston,,
Houston,Frenchy's Chicken,Houston,food-dining,yes,yes,,,,https://www.google.com/maps/search/?api=1&query=Frenchy's%20Chicken%20Houston,,
Houston,Gatlin's BBQ,Houston,food-dining,yes,yes,,,,https://www.google.com/maps/search/?api=1&query=Gatlin's%20BBQ%20Houston,,
Houston,Gite Gallery,Houston,arts-culture,yes,yes,,,,https://www.google.com/maps/search/?api=1&query=Gite%20Gallery%20Houston,,
Houston,Hermann Park Smiles,Houston,healthcare,yes,yes,,,,https://www.google.com/maps/search/?api=1&query=Hermann%20Park%20Smiles%20Houston,,
Houston,"Hooker CPA Firm, PLLC",Houston,legal-financial,yes,yes,,,,https://www.google.com/maps/search/?api=1&query=Hooker%20CPA%20Firm%2C%20PLLC%20Houston,,
Houston,Houston Small Business Marketing,Houston,social-media-marketing,yes,yes,,,,https://www.google.com/maps/search/?api=1&query=Houston%20Small%20Business%20Marketing%20Houston,,
Houston,Kindred Stories,Houston,books-publishing,yes,yes,,,,https://www.google.com/maps/search/?api=1&query=Kindred%20Stories%20Houston,,
Houston,Kulture Houston,Houston,food-dining,yes,yes,,,,https://www.google.com/maps/search/?api=1&query=Kulture%20Houston%20Houston,,
Houston,Lucille's Houston,Houston,food-dining,yes,yes,,,,https://www.google.com/maps/search/?api=1&query=Lucille's%20Houston%20Houston,,
Houston,McConnell & Jones LLP,Houston,legal-financial,yes,yes,,,,https://www.google.com/maps/search/?api=1&query=McConnell%20%26%20Jones%20LLP%20Houston,,
Houston,Mikki's Soul Food Cafe,Houston,food-dining,yes,yes,,,,https://www.google.com/maps/search/?api=1&query=Mikki's%20Soul%20Food%20Cafe%20Houston,,
Houston,Mo' Brunch and Brews,Houston,food-dining,yes,yes,,,,https://www.google.com/maps/search/?api=1&query=Mo'%20Brunch%20and%20Brews%20Houston,,
Houston,Navy Blue,Houston,food-dining,yes,yes,,,,https://www.google.com/maps/search/?api=1&query=Navy%20Blue%20Houston,,
Houston,Premium Goods,Houston,fashion-apparel,yes,yes,,,,https://www.google.com/maps/search/?api=1&query=Premium%20Goods%20Houston,,
Houston,Pressed Roots,Houston,beauty-grooming,yes,yes,,,,https://www.google.com/maps/search/?api=1&query=Pressed%20Roots%20Houston,,
Houston,Ray's BBQ Shack,Houston,food-dining,yes,yes,,,,https://www.google.com/maps/search/?api=1&query=Ray's%20BBQ%20Shack%20Houston,,
Houston,Reggae Hut Cafe,Houston,food-dining,yes,yes,,,,https://www.google.com/maps/search/?api=1&query=Reggae%20Hut%20Cafe%20Houston,,
Houston,Salon Meyerland,Houston,beauty-grooming,yes,yes,,,,https://www.google.com/maps/search/?api=1&query=Salon%20Meyerland%20Houston,,
Houston,Simply Scents Candle Co.,Houston,home-living,yes,yes,,,,https://www.google.com/maps/search/?api=1&query=Simply%20Scents%20Candle%20Co.%20Houston,,
Houston,Sneed & Mitchell LLP,Houston,legal-financial,yes,yes,,,,https://www.google.com/maps/search/?api=1&query=Sneed%20%26%20Mitchell%20LLP%20Houston,,
Houston,Source Vital Apothecary + Beauty Market,Houston,beauty-grooming,yes,yes,,,,https://www.google.com/maps/search/?api=1&query=Source%20Vital%20Apothecary%20%2B%20Beauty%20Market%20Houston,,
Houston,The Beauty Vault HTX,Houston,beauty-grooming,yes,yes,,,,https://www.google.com/maps/search/?api=1&query=The%20Beauty%20Vault%20HTX%20Houston,,
Houston,The Breakfast Klub,Houston,food-dining,yes,yes,,,,https://www.google.com/maps/search/?api=1&query=The%20Breakfast%20Klub%20Houston,,
Houston,The Butter Bar Skincare,Houston,wellness-health,yes,yes,,,,https://www.google.com/maps/search/?api=1&query=The%20Butter%20Bar%20Skincare%20Houston,,
Houston,The Ensemble Theatre,Houston,events-entertainment,yes,yes,,,,https://www.google.com/maps/search/?api=1&query=The%20Ensemble%20Theatre%20Houston,,
Houston,The Plant Project,Houston,home-living,yes,yes,,,,https://www.google.com/maps/search/?api=1&query=The%20Plant%20Project%20Houston,,
Houston,Three Keys Coffee,Houston,food-dining,yes,yes,,,,https://www.google.com/maps/search/?api=1&query=Three%20Keys%20Coffee%20Houston,,
Houston,Thrive Juices,Houston,food-dining,yes,yes,,,,https://www.google.com/maps/search/?api=1&query=Thrive%20Juices%20Houston,,
Houston,TRENDZ by Tammy,Houston,beauty-grooming,yes,yes,,,,https://www.google.com/maps/search/?api=1&query=TRENDZ%20by%20Tammy%20Houston,,
Houston,Trill Burgers,Houston,food-dining,yes,yes,,,,https://www.google.com/maps/search/?api=1&query=Trill%20Burgers%20Houston,,
Houston,Triple J's Smokehouse,Houston,food-dining,yes,yes,,,,https://www.google.com/maps/search/?api=1&query=Triple%20J's%20Smokehouse%20Houston,,
Houston,Wonderlikewander,Houston,retail-gifts,yes,yes,,,,https://www.google.com/maps/search/?api=1&query=Wonderlikewander%20Houston,,
Chicago,4Degrees,Chicago,technology,yes,NO,,,no-address,https://www.google.com/maps/search/?api=1&query=4Degrees%20Chicago,,
Chicago,Del-Kar Pharmacy,Chicago,healthcare,NO,yes,,,no-website,https://www.google.com/maps/search/?api=1&query=Del-Kar%20Pharmacy%20Chicago,,
Chicago,ELMS Events & Production,Chicago,events-entertainment,yes,NO,,,no-address,https://www.google.com/maps/search/?api=1&query=ELMS%20Events%20%26%20Production%20Chicago,,
Chicago,Gorée Cuisine,Chicago,food-dining,NO,yes,,,no-website,https://www.google.com/maps/search/?api=1&query=Gor%C3%A9e%20Cuisine%20Chicago,,
Chicago,Hanahana Beauty,Chicago,beauty-grooming,yes,NO,,,no-address,https://www.google.com/maps/search/?api=1&query=Hanahana%20Beauty%20Chicago,,
Chicago,Jimerson Tax and Accounting Chicago,Chicago,legal-financial,yes,NO,,,no-address,https://www.google.com/maps/search/?api=1&query=Jimerson%20Tax%20and%20Accounting%20Chicago%20Chicago,,
Chicago,Uncle Remus Saucy Chicken,Chicago,food-dining,yes,NO,,,no-address,https://www.google.com/maps/search/?api=1&query=Uncle%20Remus%20Saucy%20Chicken%20Chicago,,
Chicago,AFRORACK,Chicago,education-tutoring,yes,yes,,,,https://www.google.com/maps/search/?api=1&query=AFRORACK%20Chicago,,
Chicago,Ani Real Estate,Chicago,real-estate,yes,yes,,,,https://www.google.com/maps/search/?api=1&query=Ani%20Real%20Estate%20Chicago,,
Chicago,Black Ensemble Theater,Chicago,events-entertainment,yes,yes,,,,https://www.google.com/maps/search/?api=1&query=Black%20Ensemble%20Theater%20Chicago,,
Chicago,Black Luxe Candle Co.,Chicago,home-living,yes,yes,,,,https://www.google.com/maps/search/?api=1&query=Black%20Luxe%20Candle%20Co.%20Chicago,,
Chicago,Brown Sugar Bakery,Chicago,food-dining,yes,yes,,,,https://www.google.com/maps/search/?api=1&query=Brown%20Sugar%20Bakery%20Chicago,,
Chicago,Brûlée Chicago,Chicago,food-dining,yes,yes,,,,https://www.google.com/maps/search/?api=1&query=Br%C3%BBl%C3%A9e%20Chicago%20Chicago,,
Chicago,Burrell Communications Group,Chicago,social-media-marketing,yes,yes,,,,https://www.google.com/maps/search/?api=1&query=Burrell%20Communications%20Group%20Chicago,,
Chicago,Call & Response Books,Chicago,books-publishing,yes,yes,,,,https://www.google.com/maps/search/?api=1&query=Call%20%26%20Response%20Books%20Chicago,,
Chicago,CBQ Facial Beauty Bar,Chicago,beauty-grooming,yes,yes,,,,https://www.google.com/maps/search/?api=1&query=CBQ%20Facial%20Beauty%20Bar%20Chicago,,
Chicago,Chicago French Press,Chicago,food-dining,yes,yes,,,,https://www.google.com/maps/search/?api=1&query=Chicago%20French%20Press%20Chicago,,
Chicago,Coffee Hip Hop & Mental Health,Chicago,wellness-health,yes,yes,,,,https://www.google.com/maps/search/?api=1&query=Coffee%20Hip%20Hop%20%26%20Mental%20Health%20Chicago,,
Chicago,CZL P.C.,Chicago,professional-services,yes,yes,,,,https://www.google.com/maps/search/?api=1&query=CZL%20P.C.%20Chicago,,
Chicago,Da Book Joint,Chicago,books-publishing,yes,yes,,,,https://www.google.com/maps/search/?api=1&query=Da%20Book%20Joint%20Chicago,,
Chicago,Daisy's Po' Boy and Tavern,Chicago,food-dining,yes,yes,,,,https://www.google.com/maps/search/?api=1&query=Daisy's%20Po'%20Boy%20and%20Tavern%20Chicago,,
Chicago,Digifé,Chicago,creative-media,yes,yes,,,,https://www.google.com/maps/search/?api=1&query=Digif%C3%A9%20Chicago,,
Chicago,Essential Elements Chicago,Chicago,fashion-apparel,yes,yes,,,,https://www.google.com/maps/search/?api=1&query=Essential%20Elements%20Chicago%20Chicago,,
Chicago,Esthetic Haus,Chicago,beauty-grooming,yes,yes,,,,https://www.google.com/maps/search/?api=1&query=Esthetic%20Haus%20Chicago,,
Chicago,Faie Afrikan Art,Chicago,arts-culture,yes,yes,,,,https://www.google.com/maps/search/?api=1&query=Faie%20Afrikan%20Art%20Chicago,,
Chicago,Forty Acres Fresh Market,Chicago,food-dining,yes,yes,,,,https://www.google.com/maps/search/?api=1&query=Forty%20Acres%20Fresh%20Market%20Chicago,,
Chicago,Gallery Guichard,Chicago,arts-culture,yes,yes,,,,https://www.google.com/maps/search/?api=1&query=Gallery%20Guichard%20Chicago,,
Chicago,Glasshouse Interior,Chicago,home-living,yes,yes,,,,https://www.google.com/maps/search/?api=1&query=Glasshouse%20Interior%20Chicago,,
Chicago,Haji Healing Salon,Chicago,wellness-health,yes,yes,,,,https://www.google.com/maps/search/?api=1&query=Haji%20Healing%20Salon%20Chicago,,
Chicago,Honey & Hue Bookstore,Chicago,books-publishing,yes,yes,,,,https://www.google.com/maps/search/?api=1&query=Honey%20%26%20Hue%20Bookstore%20Chicago,,
Chicago,Hyde Park Hair Salon,Chicago,beauty-grooming,yes,yes,,,,https://www.google.com/maps/search/?api=1&query=Hyde%20Park%20Hair%20Salon%20Chicago,,
Chicago,Innate Allure,Chicago,beauty-grooming,yes,yes,,,,https://www.google.com/maps/search/?api=1&query=Innate%20Allure%20Chicago,,
Chicago,Justice of the Pies,Chicago,food-dining,yes,yes,,,,https://www.google.com/maps/search/?api=1&query=Justice%20of%20the%20Pies%20Chicago,,
Chicago,MADD Rhythms,Chicago,arts-culture,yes,yes,,,,https://www.google.com/maps/search/?api=1&query=MADD%20Rhythms%20Chicago,,
Chicago,Mahalia's Gift Shop,Chicago,retail-gifts,yes,yes,,,,https://www.google.com/maps/search/?api=1&query=Mahalia's%20Gift%20Shop%20Chicago,,
Chicago,Mikkey's Retro Grill,Chicago,food-dining,yes,yes,,,,https://www.google.com/maps/search/?api=1&query=Mikkey's%20Retro%20Grill%20Chicago,,
Chicago,Momentum Coffee,Chicago,food-dining,yes,yes,,,,https://www.google.com/maps/search/?api=1&query=Momentum%20Coffee%20Chicago,,
Chicago,myWHY Agency,Chicago,social-media-marketing,yes,yes,,,,https://www.google.com/maps/search/?api=1&query=myWHY%20Agency%20Chicago,,
Chicago,Nafsi,Chicago,food-dining,yes,yes,,,,https://www.google.com/maps/search/?api=1&query=Nafsi%20Chicago,,
Chicago,Norman's Bistro,Chicago,food-dining,yes,yes,,,,https://www.google.com/maps/search/?api=1&query=Norman's%20Bistro%20Chicago,,
Chicago,Park Manor 75,Chicago,food-dining,yes,yes,,,,https://www.google.com/maps/search/?api=1&query=Park%20Manor%2075%20Chicago,,
Chicago,Recycled Modern,Chicago,retail-gifts,yes,yes,,,,https://www.google.com/maps/search/?api=1&query=Recycled%20Modern%20Chicago,,
Chicago,"Robin L. Ferguson, DDS",Chicago,healthcare,yes,yes,,,,https://www.google.com/maps/search/?api=1&query=Robin%20L.%20Ferguson%2C%20DDS%20Chicago,,
Chicago,Soul & Smoke Chicago,Chicago,food-dining,yes,yes,,,,https://www.google.com/maps/search/?api=1&query=Soul%20%26%20Smoke%20Chicago%20Chicago,,
Chicago,Studio Yogi,Chicago,wellness-health,yes,yes,,,,https://www.google.com/maps/search/?api=1&query=Studio%20Yogi%20Chicago,,
Chicago,Summerset Studios,Chicago,photography-videography,yes,yes,,,,https://www.google.com/maps/search/?api=1&query=Summerset%20Studios%20Chicago,,
Chicago,The Silver Room,Chicago,retail-gifts,yes,yes,,,,https://www.google.com/maps/search/?api=1&query=The%20Silver%20Room%20Chicago,,
Chicago,The.BlkRoom,Chicago,creative-media,yes,yes,,,,https://www.google.com/maps/search/?api=1&query=The.BlkRoom%20Chicago,,
Chicago,"UJAMAA Construction, Inc.",Chicago,construction-trades,yes,yes,,,,https://www.google.com/maps/search/?api=1&query=UJAMAA%20Construction%2C%20Inc.%20Chicago,,
Chicago,Virtue Restaurant,Chicago,food-dining,yes,yes,,,,https://www.google.com/maps/search/?api=1&query=Virtue%20Restaurant%20Chicago,,
Chicago,Woodlawn Dental Gallery,Chicago,healthcare,yes,yes,,,,https://www.google.com/maps/search/?api=1&query=Woodlawn%20Dental%20Gallery%20Chicago,,
Chicago,Zora Digital,Chicago,social-media-marketing,yes,yes,,,,https://www.google.com/maps/search/?api=1&query=Zora%20Digital%20Chicago,,
Los Angeles,Trap Kitchen LA,Compton,food-dining,NO,NO,,,metro-area / no-website / no-address,https://www.google.com/maps/search/?api=1&query=Trap%20Kitchen%20LA%20Compton,,
Los Angeles,All Flavor No Grease,Los Angeles,food-dining,NO,NO,,,no-website / no-address,https://www.google.com/maps/search/?api=1&query=All%20Flavor%20No%20Grease%20Los%20Angeles,,
Los Angeles,The Salt Eaters Bookshop,Inglewood,books-publishing,yes,NO,,,metro-area / no-address,https://www.google.com/maps/search/?api=1&query=The%20Salt%20Eaters%20Bookshop%20Inglewood,,
Los Angeles,Earle's on Crenshaw,Los Angeles,food-dining,NO,yes,,,no-website,https://www.google.com/maps/search/?api=1&query=Earle's%20on%20Crenshaw%20Los%20Angeles,,
Los Angeles,Honey's Kettle Fried Chicken,Culver City,food-dining,yes,yes,,,metro-area,https://www.google.com/maps/search/?api=1&query=Honey's%20Kettle%20Fried%20Chicken%20Culver%20City,,
Los Angeles,Hoorae Media,Los Angeles,creative-media,yes,NO,,,no-address,https://www.google.com/maps/search/?api=1&query=Hoorae%20Media%20Los%20Angeles,,
Los Angeles,Hotville Chicken,Los Angeles,food-dining,yes,NO,,,no-address,https://www.google.com/maps/search/?api=1&query=Hotville%20Chicken%20Los%20Angeles,,
Los Angeles,Sika,Los Angeles,retail-gifts,NO,yes,,,no-website,https://www.google.com/maps/search/?api=1&query=Sika%20Los%20Angeles,,
Los Angeles,Slauson & Co.,Los Angeles,legal-financial,yes,NO,,,no-address,https://www.google.com/maps/search/?api=1&query=Slauson%20%26%20Co.%20Los%20Angeles,,
Los Angeles,The Marathon Clothing,Los Angeles,fashion-apparel,yes,NO,,,no-address,https://www.google.com/maps/search/?api=1&query=The%20Marathon%20Clothing%20Los%20Angeles,,
Los Angeles,Ackee Bamboo Jamaican Cuisine,Los Angeles,food-dining,yes,yes,,,,https://www.google.com/maps/search/?api=1&query=Ackee%20Bamboo%20Jamaican%20Cuisine%20Los%20Angeles,,
Los Angeles,Alta Adams,Los Angeles,food-dining,yes,yes,,,,https://www.google.com/maps/search/?api=1&query=Alta%20Adams%20Los%20Angeles,,
Los Angeles,Art + Practice,Los Angeles,arts-culture,yes,yes,,,,https://www.google.com/maps/search/?api=1&query=Art%20%2B%20Practice%20Los%20Angeles,,
Los Angeles,Band of Vices,Los Angeles,arts-culture,yes,yes,,,,https://www.google.com/maps/search/?api=1&query=Band%20of%20Vices%20Los%20Angeles,,
Los Angeles,Barbara Morrison Performing Arts Center,Los Angeles,arts-culture,yes,yes,,,,https://www.google.com/maps/search/?api=1&query=Barbara%20Morrison%20Performing%20Arts%20Center%20Los%20Angeles,,
Los Angeles,Bridgetown Roti,Los Angeles,food-dining,yes,yes,,,,https://www.google.com/maps/search/?api=1&query=Bridgetown%20Roti%20Los%20Angeles,,
Los Angeles,Delicious Pizza,Los Angeles,food-dining,yes,yes,,,,https://www.google.com/maps/search/?api=1&query=Delicious%20Pizza%20Los%20Angeles,,
Los Angeles,Dulan's on Crenshaw,Los Angeles,food-dining,yes,yes,,,,https://www.google.com/maps/search/?api=1&query=Dulan's%20on%20Crenshaw%20Los%20Angeles,,
Los Angeles,Fixins Soul Kitchen,Los Angeles,food-dining,yes,yes,,,,https://www.google.com/maps/search/?api=1&query=Fixins%20Soul%20Kitchen%20Los%20Angeles,,
Los Angeles,Harold & Belle's,Los Angeles,food-dining,yes,yes,,,,https://www.google.com/maps/search/?api=1&query=Harold%20%26%20Belle's%20Los%20Angeles,,
Los Angeles,Harun Coffee,Los Angeles,food-dining,yes,yes,,,,https://www.google.com/maps/search/?api=1&query=Harun%20Coffee%20Los%20Angeles,,
Los Angeles,Hawkins House of Burgers,Los Angeles,food-dining,yes,yes,,,,https://www.google.com/maps/search/?api=1&query=Hawkins%20House%20of%20Burgers%20Los%20Angeles,,
Los Angeles,Hilltop Coffee + Kitchen,Los Angeles,food-dining,yes,yes,,,,https://www.google.com/maps/search/?api=1&query=Hilltop%20Coffee%20%2B%20Kitchen%20Los%20Angeles,,
Los Angeles,KAOS Network,Los Angeles,arts-culture,yes,yes,,,,https://www.google.com/maps/search/?api=1&query=KAOS%20Network%20Los%20Angeles,,
Los Angeles,Lore Leimert Park,Los Angeles,books-publishing,yes,yes,,,,https://www.google.com/maps/search/?api=1&query=Lore%20Leimert%20Park%20Los%20Angeles,,
Los Angeles,Magnificent Brothers Barber & Beauty Salon,Los Angeles,beauty-grooming,yes,yes,,,,https://www.google.com/maps/search/?api=1&query=Magnificent%20Brothers%20Barber%20%26%20Beauty%20Salon%20Los%20Angeles,,
Los Angeles,Malik Books,Los Angeles,books-publishing,yes,yes,,,,https://www.google.com/maps/search/?api=1&query=Malik%20Books%20Los%20Angeles,,
Los Angeles,Mel's Fish Shack,Los Angeles,food-dining,yes,yes,,,,https://www.google.com/maps/search/?api=1&query=Mel's%20Fish%20Shack%20Los%20Angeles,,
Los Angeles,Museum of African American Art,Los Angeles,arts-culture,yes,yes,,,,https://www.google.com/maps/search/?api=1&query=Museum%20of%20African%20American%20Art%20Los%20Angeles,,
Los Angeles,Nappily Naturals & Apothecary,Los Angeles,beauty-grooming,yes,yes,,,,https://www.google.com/maps/search/?api=1&query=Nappily%20Naturals%20%26%20Apothecary%20Los%20Angeles,,
Los Angeles,Phillips Barbecue,Los Angeles,food-dining,yes,yes,,,,https://www.google.com/maps/search/?api=1&query=Phillips%20Barbecue%20Los%20Angeles,,
Los Angeles,Reparations Club,Los Angeles,books-publishing,yes,yes,,,,https://www.google.com/maps/search/?api=1&query=Reparations%20Club%20Los%20Angeles,,
Los Angeles,Ride On! Bike Shop,Los Angeles,retail-gifts,yes,yes,,,,https://www.google.com/maps/search/?api=1&query=Ride%20On!%20Bike%20Shop%20Los%20Angeles,,
Los Angeles,Simply Wholesome,Los Angeles,food-dining,yes,yes,,,,https://www.google.com/maps/search/?api=1&query=Simply%20Wholesome%20Los%20Angeles,,
Los Angeles,Sky's Gourmet Tacos,Los Angeles,food-dining,yes,yes,,,,https://www.google.com/maps/search/?api=1&query=Sky's%20Gourmet%20Tacos%20Los%20Angeles,,
Los Angeles,Sole Folks,Los Angeles,fashion-apparel,yes,yes,,,,https://www.google.com/maps/search/?api=1&query=Sole%20Folks%20Los%20Angeles,,
Los Angeles,Southern Girl Desserts,Los Angeles,food-dining,yes,yes,,,,https://www.google.com/maps/search/?api=1&query=Southern%20Girl%20Desserts%20Los%20Angeles,,
Los Angeles,The Plant Chica,Los Angeles,home-living,yes,yes,,,,https://www.google.com/maps/search/?api=1&query=The%20Plant%20Chica%20Los%20Angeles,,
Los Angeles,The Tree Yoga Cooperative,Los Angeles,wellness-health,yes,yes,,,,https://www.google.com/maps/search/?api=1&query=The%20Tree%20Yoga%20Cooperative%20Los%20Angeles,,
Los Angeles,The World Stage,Los Angeles,arts-culture,yes,yes,,,,https://www.google.com/maps/search/?api=1&query=The%20World%20Stage%20Los%20Angeles,,
Los Angeles,Vicky's All Day,Los Angeles,food-dining,yes,yes,,,,https://www.google.com/maps/search/?api=1&query=Vicky's%20All%20Day%20Los%20Angeles,,
Los Angeles,Woody's Bar-B-Que,Los Angeles,food-dining,yes,yes,,,,https://www.google.com/maps/search/?api=1&query=Woody's%20Bar-B-Que%20Los%20Angeles,,
Washington DC,District of Clothing,Washington,fashion-apparel,NO,NO,,,no-website / no-address,https://www.google.com/maps/search/?api=1&query=District%20of%20Clothing%20Washington,,
Washington DC,Bukom Cafe,Washington,food-dining,NO,yes,,,no-website,https://www.google.com/maps/search/?api=1&query=Bukom%20Cafe%20Washington,,
Washington DC,Cane,Washington,food-dining,NO,yes,,,no-website,https://www.google.com/maps/search/?api=1&query=Cane%20Washington,,
Washington DC,Dogon,Washington,food-dining,NO,yes,,,no-website,https://www.google.com/maps/search/?api=1&query=Dogon%20Washington,,
Washington DC,Fish in the Hood,Washington,food-dining,NO,yes,,,no-website,https://www.google.com/maps/search/?api=1&query=Fish%20in%20the%20Hood%20Washington,,
Washington DC,Paris Alexander Day Spa,Washington,beauty-grooming,NO,yes,,,no-website,https://www.google.com/maps/search/?api=1&query=Paris%20Alexander%20Day%20Spa%20Washington,,
Washington DC,Player's Lounge,Washington,events-entertainment,NO,yes,,,no-website,https://www.google.com/maps/search/?api=1&query=Player's%20Lounge%20Washington,,
Washington DC,Puddin',Washington,food-dining,NO,yes,,,no-website,https://www.google.com/maps/search/?api=1&query=Puddin'%20Washington,,
Washington DC,Skin Beauty Bar,Washington,beauty-grooming,NO,yes,,,no-website,https://www.google.com/maps/search/?api=1&query=Skin%20Beauty%20Bar%20Washington,,
Washington DC,Soufside Creative,Washington,arts-culture,NO,yes,,,no-website,https://www.google.com/maps/search/?api=1&query=Soufside%20Creative%20Washington,,
Washington DC,Anacostia Arts Center,Washington,arts-culture,yes,yes,,,,https://www.google.com/maps/search/?api=1&query=Anacostia%20Arts%20Center%20Washington,,
Washington DC,Anacostia Playhouse,Washington,arts-culture,yes,yes,,,,https://www.google.com/maps/search/?api=1&query=Anacostia%20Playhouse%20Washington,,
Washington DC,Appioo African Bar & Grill,Washington,food-dining,yes,yes,,,,https://www.google.com/maps/search/?api=1&query=Appioo%20African%20Bar%20%26%20Grill%20Washington,,
Washington DC,Ben's Chili Bowl,Washington,food-dining,yes,yes,,,,https://www.google.com/maps/search/?api=1&query=Ben's%20Chili%20Bowl%20Washington,,
Washington DC,Ben's Next Door,Washington,food-dining,yes,yes,,,,https://www.google.com/maps/search/?api=1&query=Ben's%20Next%20Door%20Washington,,
Washington DC,Black Bella Spa & Wellness,Washington,beauty-grooming,yes,yes,,,,https://www.google.com/maps/search/?api=1&query=Black%20Bella%20Spa%20%26%20Wellness%20Washington,,
Washington DC,BloomBars,Washington,arts-culture,yes,yes,,,,https://www.google.com/maps/search/?api=1&query=BloomBars%20Washington,,
Washington DC,BOOMBOX Boxing Club,Washington,wellness-health,yes,yes,,,,https://www.google.com/maps/search/?api=1&query=BOOMBOX%20Boxing%20Club%20Washington,,
Washington DC,Chercher Ethiopian Restaurant,Washington,food-dining,yes,yes,,,,https://www.google.com/maps/search/?api=1&query=Chercher%20Ethiopian%20Restaurant%20Washington,,
Washington DC,Chris Pyrate & Friends,Washington,fashion-apparel,yes,yes,,,,https://www.google.com/maps/search/?api=1&query=Chris%20Pyrate%20%26%20Friends%20Washington,,
Washington DC,CitySwing,Washington,events-entertainment,yes,yes,,,,https://www.google.com/maps/search/?api=1&query=CitySwing%20Washington,,
Washington DC,Dukem Ethiopian Restaurant,Washington,food-dining,yes,yes,,,,https://www.google.com/maps/search/?api=1&query=Dukem%20Ethiopian%20Restaurant%20Washington,,
Washington DC,Ethiopic,Washington,food-dining,yes,yes,,,,https://www.google.com/maps/search/?api=1&query=Ethiopic%20Washington,,
Washington DC,Florida Avenue Grill,Washington,food-dining,yes,yes,,,,https://www.google.com/maps/search/?api=1&query=Florida%20Avenue%20Grill%20Washington,,
Washington DC,Henry's Soul Cafe,Washington,food-dining,yes,yes,,,,https://www.google.com/maps/search/?api=1&query=Henry's%20Soul%20Cafe%20Washington,,
Washington DC,Honfleur Gallery,Washington,arts-culture,yes,yes,,,,https://www.google.com/maps/search/?api=1&query=Honfleur%20Gallery%20Washington,,
Washington DC,Keren Restaurant,Washington,food-dining,yes,yes,,,,https://www.google.com/maps/search/?api=1&query=Keren%20Restaurant%20Washington,,
Washington DC,Letena,Washington,food-dining,yes,yes,,,,https://www.google.com/maps/search/?api=1&query=Letena%20Washington,,
Washington DC,Loyalty Bookstores,Washington,books-publishing,yes,yes,,,,https://www.google.com/maps/search/?api=1&query=Loyalty%20Bookstores%20Washington,,
Washington DC,Nubian Hueman,Washington,retail-gifts,yes,yes,,,,https://www.google.com/maps/search/?api=1&query=Nubian%20Hueman%20Washington,,
Washington DC,Oohh's & Aahh's,Washington,food-dining,yes,yes,,,,https://www.google.com/maps/search/?api=1&query=Oohh's%20%26%20Aahh's%20Washington,,
Washington DC,Open Crumb,Washington,food-dining,yes,yes,,,,https://www.google.com/maps/search/?api=1&query=Open%20Crumb%20Washington,,
Washington DC,Roaming Rooster,Washington,food-dining,yes,yes,,,,https://www.google.com/maps/search/?api=1&query=Roaming%20Rooster%20Washington,,
Washington DC,Sankofa Video Books & Cafe,Washington,books-publishing,yes,yes,,,,https://www.google.com/maps/search/?api=1&query=Sankofa%20Video%20Books%20%26%20Cafe%20Washington,,
Washington DC,St. James,Washington,food-dining,yes,yes,,,,https://www.google.com/maps/search/?api=1&query=St.%20James%20Washington,,
Washington DC,Step Afrika!,Washington,arts-culture,yes,yes,,,,https://www.google.com/maps/search/?api=1&query=Step%20Afrika!%20Washington,,
Washington DC,SWEAT DC,Washington,wellness-health,yes,yes,,,,https://www.google.com/maps/search/?api=1&query=SWEAT%20DC%20Washington,,
Washington DC,Sweet Tooth Cafe & Cakes,Washington,food-dining,yes,yes,,,,https://www.google.com/maps/search/?api=1&query=Sweet%20Tooth%20Cafe%20%26%20Cakes%20Washington,,
Washington DC,The LAB Fitness DC,Washington,wellness-health,yes,yes,,,,https://www.google.com/maps/search/?api=1&query=The%20LAB%20Fitness%20DC%20Washington,,
Washington DC,Turning Natural,Washington,wellness-health,yes,yes,,,,https://www.google.com/maps/search/?api=1&query=Turning%20Natural%20Washington,,
Washington DC,WeFitDC,Washington,wellness-health,yes,yes,,,,https://www.google.com/maps/search/?api=1&query=WeFitDC%20Washington,,
New Orleans,Bullet's Sports Bar,New Orleans,events-entertainment,NO,yes,,,no-website,https://www.google.com/maps/search/?api=1&query=Bullet's%20Sports%20Bar%20New%20Orleans,,
New Orleans,Chef Ron's Gumbo Stop,Metairie,food-dining,yes,yes,,,metro-area,https://www.google.com/maps/search/?api=1&query=Chef%20Ron's%20Gumbo%20Stop%20Metairie,,
New Orleans,Terrance Osborne Gallery,New Orleans,arts-culture,NO,yes,,,no-website,https://www.google.com/maps/search/?api=1&query=Terrance%20Osborne%20Gallery%20New%20Orleans,,
New Orleans,Two Sisters Kitchen,New Orleans,food-dining,NO,yes,,,no-website,https://www.google.com/maps/search/?api=1&query=Two%20Sisters%20Kitchen%20New%20Orleans,,
New Orleans,Addis NOLA,New Orleans,food-dining,yes,yes,,,,https://www.google.com/maps/search/?api=1&query=Addis%20NOLA%20New%20Orleans,,
New Orleans,Ashé Cultural Arts Center,New Orleans,arts-culture,yes,yes,,,,https://www.google.com/maps/search/?api=1&query=Ash%C3%A9%20Cultural%20Arts%20Center%20New%20Orleans,,
New Orleans,Backstreet Cultural Museum,New Orleans,arts-culture,yes,yes,,,,https://www.google.com/maps/search/?api=1&query=Backstreet%20Cultural%20Museum%20New%20Orleans,,
New Orleans,Baldwin & Co.,New Orleans,books-publishing,yes,yes,,,,https://www.google.com/maps/search/?api=1&query=Baldwin%20%26%20Co.%20New%20Orleans,,
New Orleans,Barrow's Catfish,New Orleans,food-dining,yes,yes,,,,https://www.google.com/maps/search/?api=1&query=Barrow's%20Catfish%20New%20Orleans,,
New Orleans,Bennachin Restaurant,New Orleans,food-dining,yes,yes,,,,https://www.google.com/maps/search/?api=1&query=Bennachin%20Restaurant%20New%20Orleans,,
New Orleans,Boswell's Jamaican Grill,New Orleans,food-dining,yes,yes,,,,https://www.google.com/maps/search/?api=1&query=Boswell's%20Jamaican%20Grill%20New%20Orleans,,
New Orleans,Bree Nyce Boutique,New Orleans,fashion-apparel,yes,yes,,,,https://www.google.com/maps/search/?api=1&query=Bree%20Nyce%20Boutique%20New%20Orleans,,
New Orleans,Café Dauphine,New Orleans,food-dining,yes,yes,,,,https://www.google.com/maps/search/?api=1&query=Caf%C3%A9%20Dauphine%20New%20Orleans,,
New Orleans,Cafe Reconcile,New Orleans,food-dining,yes,yes,,,,https://www.google.com/maps/search/?api=1&query=Cafe%20Reconcile%20New%20Orleans,,
New Orleans,Community Book Center,New Orleans,books-publishing,yes,yes,,,,https://www.google.com/maps/search/?api=1&query=Community%20Book%20Center%20New%20Orleans,,
New Orleans,Compère Lapin,New Orleans,food-dining,yes,yes,,,,https://www.google.com/maps/search/?api=1&query=Comp%C3%A8re%20Lapin%20New%20Orleans,,
New Orleans,Deelightful Roux School of Cooking,New Orleans,education-tutoring,yes,yes,,,,https://www.google.com/maps/search/?api=1&query=Deelightful%20Roux%20School%20of%20Cooking%20New%20Orleans,,
New Orleans,Dooky Chase's Restaurant,New Orleans,food-dining,yes,yes,,,,https://www.google.com/maps/search/?api=1&query=Dooky%20Chase's%20Restaurant%20New%20Orleans,,
New Orleans,Freestyle,New Orleans,fashion-apparel,yes,yes,,,,https://www.google.com/maps/search/?api=1&query=Freestyle%20New%20Orleans,,
New Orleans,Fritai,New Orleans,food-dining,yes,yes,,,,https://www.google.com/maps/search/?api=1&query=Fritai%20New%20Orleans,,
New Orleans,Heard Dat Kitchen,New Orleans,food-dining,yes,yes,,,,https://www.google.com/maps/search/?api=1&query=Heard%20Dat%20Kitchen%20New%20Orleans,,
New Orleans,Kermit's Tremé Mother-in-Law Lounge,New Orleans,events-entertainment,yes,yes,,,,https://www.google.com/maps/search/?api=1&query=Kermit's%20Trem%C3%A9%20Mother-in-Law%20Lounge%20New%20Orleans,,
New Orleans,King & Queen Emporium Int'l,New Orleans,retail-gifts,yes,yes,,,,https://www.google.com/maps/search/?api=1&query=King%20%26%20Queen%20Emporium%20Int'l%20New%20Orleans,,
New Orleans,Le Musée de f.p.c.,New Orleans,arts-culture,yes,yes,,,,https://www.google.com/maps/search/?api=1&query=Le%20Mus%C3%A9e%20de%20f.p.c.%20New%20Orleans,,
New Orleans,Li'l Dizzy's Cafe,New Orleans,food-dining,yes,yes,,,,https://www.google.com/maps/search/?api=1&query=Li'l%20Dizzy's%20Cafe%20New%20Orleans,,
New Orleans,Loretta's Authentic Pralines,New Orleans,food-dining,yes,yes,,,,https://www.google.com/maps/search/?api=1&query=Loretta's%20Authentic%20Pralines%20New%20Orleans,,
New Orleans,Magnolia Yoga Studio,New Orleans,wellness-health,yes,yes,,,,https://www.google.com/maps/search/?api=1&query=Magnolia%20Yoga%20Studio%20New%20Orleans,,
New Orleans,McHardy's Chicken & Fixin',New Orleans,food-dining,yes,yes,,,,https://www.google.com/maps/search/?api=1&query=McHardy's%20Chicken%20%26%20Fixin'%20New%20Orleans,,
New Orleans,Melba's Old School Poboys,New Orleans,food-dining,yes,yes,,,,https://www.google.com/maps/search/?api=1&query=Melba's%20Old%20School%20Poboys%20New%20Orleans,,
New Orleans,New Orleans African American Museum,New Orleans,arts-culture,yes,yes,,,,https://www.google.com/maps/search/?api=1&query=New%20Orleans%20African%20American%20Museum%20New%20Orleans,,
New Orleans,Neyow's Creole Cafe,New Orleans,food-dining,yes,yes,,,,https://www.google.com/maps/search/?api=1&query=Neyow's%20Creole%20Cafe%20New%20Orleans,,
New Orleans,Queen Trini Lisa,New Orleans,food-dining,yes,yes,,,,https://www.google.com/maps/search/?api=1&query=Queen%20Trini%20Lisa%20New%20Orleans,,
New Orleans,Sammy's Food Service & Deli,New Orleans,food-dining,yes,yes,,,,https://www.google.com/maps/search/?api=1&query=Sammy's%20Food%20Service%20%26%20Deli%20New%20Orleans,,
New Orleans,Sportsman's Corner,New Orleans,events-entertainment,yes,yes,,,,https://www.google.com/maps/search/?api=1&query=Sportsman's%20Corner%20New%20Orleans,,
New Orleans,Stella Jones Gallery,New Orleans,arts-culture,yes,yes,,,,https://www.google.com/maps/search/?api=1&query=Stella%20Jones%20Gallery%20New%20Orleans,,
New Orleans,Studio Be,New Orleans,arts-culture,yes,yes,,,,https://www.google.com/maps/search/?api=1&query=Studio%20Be%20New%20Orleans,,
New Orleans,Sweet Lorraine's Jazz Club,New Orleans,events-entertainment,yes,yes,,,,https://www.google.com/maps/search/?api=1&query=Sweet%20Lorraine's%20Jazz%20Club%20New%20Orleans,,
New Orleans,Sweet Soulfood,New Orleans,food-dining,yes,yes,,,,https://www.google.com/maps/search/?api=1&query=Sweet%20Soulfood%20New%20Orleans,,
New Orleans,The Munch Factory,New Orleans,food-dining,yes,yes,,,,https://www.google.com/maps/search/?api=1&query=The%20Munch%20Factory%20New%20Orleans,,
New Orleans,Vaucresson's Creole Cafe & Deli,New Orleans,food-dining,yes,yes,,,,https://www.google.com/maps/search/?api=1&query=Vaucresson's%20Creole%20Cafe%20%26%20Deli%20New%20Orleans,,
New Orleans,Willie Mae's Scotch House,New Orleans,food-dining,yes,yes,,,,https://www.google.com/maps/search/?api=1&query=Willie%20Mae's%20Scotch%20House%20New%20Orleans,,
New Orleans,Zulu Social Aid & Pleasure Club,New Orleans,spiritual-community,yes,yes,,,,https://www.google.com/maps/search/?api=1&query=Zulu%20Social%20Aid%20%26%20Pleasure%20Club%20New%20Orleans,,
